,danceability,energy,key,loudness,mode,speechiness,acousticness,instrumentalness,liveness,valence,tempo,type,id,uri,track_href,analysis_url,duration_ms,time_signature
Welcome To New York (Taylor's Version),0.761,0.607,7,-4.83,1,0.0312,0.00961,2.24e-05,0.367,0.674,116.98,audio_features,1hR8BSuEqPCCZfv93zzzz9,spotify:track:1hR8BSuEqPCCZfv93zzzz9,https://api.spotify.com/v1/tracks/1hR8BSuEqPCCZfv93zzzz9,https://api.spotify.com/v1/audio-analysis/1hR8BSuEqPCCZfv93zzzz9,212600,4
Blank Space (Taylor's Version),0.737,0.725,0,-5.417,1,0.0641,0.0976,0.0,0.174,0.755,96.012,audio_features,45wMBGri1PORPjM9PwFfrS,spotify:track:45wMBGri1PORPjM9PwFfrS,https://api.spotify.com/v1/tracks/45wMBGri1PORPjM9PwFfrS,https://api.spotify.com/v1/audio-analysis/45wMBGri1PORPjM9PwFfrS,231833,4
Style (Taylor's Version),0.575,0.824,2,-4.823,1,0.038,0.000418,0.0214,0.0901,0.292,94.971,audio_features,1hjRhYpWyqDpPahmSlUTlc,spotify:track:1hjRhYpWyqDpPahmSlUTlc,https://api.spotify.com/v1/tracks/1hjRhYpWyqDpPahmSlUTlc,https://api.spotify.com/v1/audio-analysis/1hjRhYpWyqDpPahmSlUTlc,231000,4
Out Of The Woods (Taylor's Version),0.547,0.885,0,-5.961,1,0.0418,0.000512,9.37e-05,0.39,0.192,91.992,audio_features,045ZeOHPIzhxxsm8bq5kyE,spotify:track:045ZeOHPIzhxxsm8bq5kyE,https://api.spotify.com/v1/tracks/045ZeOHPIzhxxsm8bq5kyE,https://api.spotify.com/v1/audio-analysis/045ZeOHPIzhxxsm8bq5kyE,235800,4
All You Had To Do Was Stay (Taylor's Version),0.586,0.72,0,-5.556,1,0.035,0.000718,0.0,0.0949,0.481,97.057,audio_features,6GXgd1BPD9bUpqw5AntGV5,spotify:track:6GXgd1BPD9bUpqw5AntGV5,https://api.spotify.com/v1/tracks/6GXgd1BPD9bUpqw5AntGV5,https://api.spotify.com/v1/audio-analysis/6GXgd1BPD9bUpqw5AntGV5,193289,4
Shake It Off (Taylor's Version),0.632,0.807,7,-5.676,1,0.0738,0.0103,1.27e-05,0.29,0.921,160.055,audio_features,3pv7Q5v2dpdefwdWIvE7yH,spotify:track:3pv7Q5v2dpdefwdWIvE7yH,https://api.spotify.com/v1/tracks/3pv7Q5v2dpdefwdWIvE7yH,https://api.spotify.com/v1/audio-analysis/3pv7Q5v2dpdefwdWIvE7yH,219209,4
I Wish You Would (Taylor's Version),0.669,0.851,0,-6.526,1,0.0432,0.00357,1.04e-05,0.0676,0.541,118.026,audio_features,43y1WpBdnEy5TR9aZoSQL9,spotify:track:43y1WpBdnEy5TR9aZoSQL9,https://api.spotify.com/v1/tracks/43y1WpBdnEy5TR9aZoSQL9,https://api.spotify.com/v1/audio-analysis/43y1WpBdnEy5TR9aZoSQL9,207650,4
Bad Blood (Taylor's Version),0.619,0.686,7,-6.369,1,0.164,0.0385,0.0,0.307,0.364,169.943,audio_features,64FzgoLZ3oXu2SriZblHic,spotify:track:64FzgoLZ3oXu2SriZblHic,https://api.spotify.com/v1/tracks/64FzgoLZ3oXu2SriZblHic,https://api.spotify.com/v1/audio-analysis/64FzgoLZ3oXu2SriZblHic,211104,4
Wildest Dreams (Taylor's Version),0.581,0.672,8,-7.415,1,0.0739,0.0411,9.35e-05,0.118,0.514,140.061,audio_features,1K39ty6o1sHwwlZwO6a7wK,spotify:track:1K39ty6o1sHwwlZwO6a7wK,https://api.spotify.com/v1/tracks/1K39ty6o1sHwwlZwO6a7wK,https://api.spotify.com/v1/audio-analysis/1K39ty6o1sHwwlZwO6a7wK,220433,4
How You Get The Girl (Taylor's Version),0.754,0.682,5,-5.789,1,0.0565,0.00209,9.88e-06,0.0941,0.547,120.027,audio_features,75W3SngKzTuoQ94uLf3y82,spotify:track:75W3SngKzTuoQ94uLf3y82,https://api.spotify.com/v1/tracks/75W3SngKzTuoQ94uLf3y82,https://api.spotify.com/v1/audio-analysis/75W3SngKzTuoQ94uLf3y82,247533,4
This Love (Taylor’s Version),0.474,0.511,1,-8.766,0,0.0339,0.299,0.0,0.0673,0.0586,144.022,audio_features,5QVVjX0ZItqlVpEuVCM9Yg,spotify:track:5QVVjX0ZItqlVpEuVCM9Yg,https://api.spotify.com/v1/tracks/5QVVjX0ZItqlVpEuVCM9Yg,https://api.spotify.com/v1/audio-analysis/5QVVjX0ZItqlVpEuVCM9Yg,250100,4
I Know Places (Taylor's Version),0.575,0.803,0,-5.393,1,0.0465,0.087,0.0,0.0971,0.68,160.039,audio_features,2f0GI2ZLUtbGqFx8t2Gk6A,spotify:track:2f0GI2ZLUtbGqFx8t2Gk6A,https://api.spotify.com/v1/tracks/2f0GI2ZLUtbGqFx8t2Gk6A,https://api.spotify.com/v1/audio-analysis/2f0GI2ZLUtbGqFx8t2Gk6A,195700,4
Clean (Taylor's Version),0.771,0.386,4,-8.917,1,0.0297,0.276,2.01e-05,0.121,0.239,103.96,audio_features,2ByBBvpR9b7IynvRmnG7kG,spotify:track:2ByBBvpR9b7IynvRmnG7kG,https://api.spotify.com/v1/tracks/2ByBBvpR9b7IynvRmnG7kG,https://api.spotify.com/v1/audio-analysis/2ByBBvpR9b7IynvRmnG7kG,271000,4
Wonderland (Taylor's Version),0.462,0.708,3,-5.971,1,0.0555,0.00933,1.88e-05,0.198,0.337,183.811,audio_features,2ve0kuaWUCt4Zx8x4bf1MR,spotify:track:2ve0kuaWUCt4Zx8x4bf1MR,https://api.spotify.com/v1/tracks/2ve0kuaWUCt4Zx8x4bf1MR,https://api.spotify.com/v1/audio-analysis/2ve0kuaWUCt4Zx8x4bf1MR,245567,4
You Are In Love (Taylor's Version),0.537,0.495,9,-9.416,1,0.0573,0.609,2.49e-06,0.112,0.492,84.948,audio_features,4UwqOWDpdeIDVQDuKT6iza,spotify:track:4UwqOWDpdeIDVQDuKT6iza,https://api.spotify.com/v1/tracks/4UwqOWDpdeIDVQDuKT6iza,https://api.spotify.com/v1/audio-analysis/4UwqOWDpdeIDVQDuKT6iza,267389,4
New Romantics (Taylor's Version),0.651,0.855,5,-5.959,1,0.0538,0.0068,9.81e-06,0.0759,0.698,121.98,audio_features,2vPMoMDXxu9uX1igWZmXSG,spotify:track:2vPMoMDXxu9uX1igWZmXSG,https://api.spotify.com/v1/tracks/2vPMoMDXxu9uX1igWZmXSG,https://api.spotify.com/v1/audio-analysis/2vPMoMDXxu9uX1igWZmXSG,230178,4
"""Slut!"" (Taylor's Version) (From The Vault)",0.629,0.413,7,-13.178,1,0.055,0.345,7.62e-05,0.0603,0.306,77.983,audio_features,71BqAINEnezjQfxE4VuJfq,spotify:track:71BqAINEnezjQfxE4VuJfq,https://api.spotify.com/v1/tracks/71BqAINEnezjQfxE4VuJfq,https://api.spotify.com/v1/audio-analysis/71BqAINEnezjQfxE4VuJfq,180381,4
Say Don't Go (Taylor's Version) (From The Vault),0.626,0.547,4,-8.285,1,0.0342,0.0656,1.67e-05,0.149,0.192,109.946,audio_features,4NioO5R9sHEZh4cGzMHyNt,spotify:track:4NioO5R9sHEZh4cGzMHyNt,https://api.spotify.com/v1/tracks/4NioO5R9sHEZh4cGzMHyNt,https://api.spotify.com/v1/audio-analysis/4NioO5R9sHEZh4cGzMHyNt,279833,4
Now That We Don't Talk (Taylor's Version) (From The Vault),0.793,0.512,0,-9.319,1,0.0338,0.186,3.81e-05,0.0889,0.0662,109.994,audio_features,5KD6AEm19QnMbfWpfoOHMl,spotify:track:5KD6AEm19QnMbfWpfoOHMl,https://api.spotify.com/v1/tracks/5KD6AEm19QnMbfWpfoOHMl,https://api.spotify.com/v1/audio-analysis/5KD6AEm19QnMbfWpfoOHMl,146437,4
Suburban Legends (Taylor's Version) (From The Vault),0.699,0.621,0,-8.739,1,0.0369,0.198,0.0,0.104,0.344,118.048,audio_features,6T0sEnqjmHISIKwFETeeiP,spotify:track:6T0sEnqjmHISIKwFETeeiP,https://api.spotify.com/v1/tracks/6T0sEnqjmHISIKwFETeeiP,https://api.spotify.com/v1/audio-analysis/6T0sEnqjmHISIKwFETeeiP,171819,4
Mine (Taylor's Version),0.646,0.783,7,-2.846,1,0.0356,0.00444,1.38e-06,0.171,0.49,121.08,audio_features,7G0gBu6nLdhFDPRLc0HdDG,spotify:track:7G0gBu6nLdhFDPRLc0HdDG,https://api.spotify.com/v1/tracks/7G0gBu6nLdhFDPRLc0HdDG,https://api.spotify.com/v1/audio-analysis/7G0gBu6nLdhFDPRLc0HdDG,231707,4
Sparks Fly (Taylor’s Version),0.588,0.758,5,-2.347,1,0.0305,0.0251,0.0,0.131,0.387,114.991,audio_features,3MytWN8L7shNYzGl4tAKRp,spotify:track:3MytWN8L7shNYzGl4tAKRp,https://api.spotify.com/v1/tracks/3MytWN8L7shNYzGl4tAKRp,https://api.spotify.com/v1/audio-analysis/3MytWN8L7shNYzGl4tAKRp,261231,4
Back To December (Taylor's Version),0.497,0.635,2,-3.927,1,0.0273,0.00621,0.0,0.117,0.203,142.063,audio_features,79uDOz0zuuWS7HWxzMmTa2,spotify:track:79uDOz0zuuWS7HWxzMmTa2,https://api.spotify.com/v1/tracks/79uDOz0zuuWS7HWxzMmTa2,https://api.spotify.com/v1/audio-analysis/79uDOz0zuuWS7HWxzMmTa2,294190,4
Speak Now (Taylor's Version),0.727,0.677,7,-2.871,1,0.0325,0.248,0.0,0.143,0.639,118.995,audio_features,5xXqyjLicvEpch72qEryFT,spotify:track:5xXqyjLicvEpch72qEryFT,https://api.spotify.com/v1/tracks/5xXqyjLicvEpch72qEryFT,https://api.spotify.com/v1/audio-analysis/5xXqyjLicvEpch72qEryFT,242473,4
Dear John (Taylor's Version),0.419,0.47,4,-5.016,1,0.0296,0.0236,0.0,0.163,0.133,119.294,audio_features,1zU8j1x3yi9xalMF96pzKp,spotify:track:1zU8j1x3yi9xalMF96pzKp,https://api.spotify.com/v1/tracks/1zU8j1x3yi9xalMF96pzKp,https://api.spotify.com/v1/audio-analysis/1zU8j1x3yi9xalMF96pzKp,405907,3
Mean (Taylor's Version),0.524,0.692,4,-3.866,1,0.0369,0.311,0.0,0.192,0.621,163.874,audio_features,30Y4CV7A6YqtQtTTo7Ue4j,spotify:track:30Y4CV7A6YqtQtTTo7Ue4j,https://api.spotify.com/v1/tracks/30Y4CV7A6YqtQtTTo7Ue4j,https://api.spotify.com/v1/audio-analysis/30Y4CV7A6YqtQtTTo7Ue4j,238693,4
The Story Of Us (Taylor's Version),0.515,0.781,4,-2.608,1,0.0535,0.00192,0.0,0.054,0.57,139.846,audio_features,6dTA6y0C2ReQklntzZl8l3,spotify:track:6dTA6y0C2ReQklntzZl8l3,https://api.spotify.com/v1/tracks/6dTA6y0C2ReQklntzZl8l3,https://api.spotify.com/v1/audio-analysis/6dTA6y0C2ReQklntzZl8l3,267653,4
Never Grow Up (Taylor's Version),0.685,0.323,2,-7.103,1,0.0289,0.851,0.0,0.198,0.569,125.058,audio_features,2EFZ9emtKWEglWUQGEQ3P9,spotify:track:2EFZ9emtKWEglWUQGEQ3P9,https://api.spotify.com/v1/tracks/2EFZ9emtKWEglWUQGEQ3P9,https://api.spotify.com/v1/audio-analysis/2EFZ9emtKWEglWUQGEQ3P9,292920,4
Enchanted (Taylor's Version),0.505,0.532,8,-3.526,1,0.0265,0.012,0.0,0.149,0.216,81.907,audio_features,3sW3oSbzsfecv9XoUdGs7h,spotify:track:3sW3oSbzsfecv9XoUdGs7h,https://api.spotify.com/v1/tracks/3sW3oSbzsfecv9XoUdGs7h,https://api.spotify.com/v1/audio-analysis/3sW3oSbzsfecv9XoUdGs7h,353253,4
Better Than Revenge (Taylor's Version),0.496,0.885,11,-2.969,0,0.0803,0.000886,0.0,0.191,0.665,145.863,audio_features,0NwGC0v03ysCYINtg6ns58,spotify:track:0NwGC0v03ysCYINtg6ns58,https://api.spotify.com/v1/tracks/0NwGC0v03ysCYINtg6ns58,https://api.spotify.com/v1/audio-analysis/0NwGC0v03ysCYINtg6ns58,220307,4
Innocent (Taylor's Version),0.522,0.598,1,-5.327,0,0.0284,0.101,0.0,0.152,0.149,133.627,audio_features,12nBPF4Rh4XLFJV0YLN7uj,spotify:track:12nBPF4Rh4XLFJV0YLN7uj,https://api.spotify.com/v1/tracks/12nBPF4Rh4XLFJV0YLN7uj,https://api.spotify.com/v1/audio-analysis/12nBPF4Rh4XLFJV0YLN7uj,301222,4
Haunted (Taylor's Version),0.427,0.915,5,-1.909,1,0.0619,0.00667,0.0,0.221,0.355,162.201,audio_features,4tMzIAFTFdqGBQLdfbPces,spotify:track:4tMzIAFTFdqGBQLdfbPces,https://api.spotify.com/v1/tracks/4tMzIAFTFdqGBQLdfbPces,https://api.spotify.com/v1/audio-analysis/4tMzIAFTFdqGBQLdfbPces,245413,4
Last Kiss (Taylor's Version),0.55,0.366,10,-8.46,1,0.0276,0.447,4.43e-06,0.101,0.16,79.401,audio_features,59KOoHFcw5XfICnO57holu,spotify:track:59KOoHFcw5XfICnO57holu,https://api.spotify.com/v1/tracks/59KOoHFcw5XfICnO57holu,https://api.spotify.com/v1/audio-analysis/59KOoHFcw5XfICnO57holu,369120,3
Long Live (Taylor's Version),0.375,0.65,0,-4.031,1,0.0402,0.0122,0.0,0.189,0.0752,203.89,audio_features,4hqJ4bSlYJOXb6Z4SRmzxs,spotify:track:4hqJ4bSlYJOXb6Z4SRmzxs,https://api.spotify.com/v1/tracks/4hqJ4bSlYJOXb6Z4SRmzxs,https://api.spotify.com/v1/audio-analysis/4hqJ4bSlYJOXb6Z4SRmzxs,317960,4
Ours (Taylor’s Version),0.535,0.488,0,-8.261,1,0.0278,0.449,0.0,0.111,0.348,159.813,audio_features,3yNJkriPzWjkkDAWHIAVUq,spotify:track:3yNJkriPzWjkkDAWHIAVUq,https://api.spotify.com/v1/tracks/3yNJkriPzWjkkDAWHIAVUq,https://api.spotify.com/v1/audio-analysis/3yNJkriPzWjkkDAWHIAVUq,235803,4
Superman (Taylor’s Version),0.533,0.742,7,-3.473,1,0.0303,0.0031,0.0,0.108,0.356,131.93,audio_features,4evLyY5Ue1Wesc61t2KXAU,spotify:track:4evLyY5Ue1Wesc61t2KXAU,https://api.spotify.com/v1/tracks/4evLyY5Ue1Wesc61t2KXAU,https://api.spotify.com/v1/audio-analysis/4evLyY5Ue1Wesc61t2KXAU,274945,4
Electric Touch (feat. Fall Out Boy) (Taylor’s Version) (From The Vault),0.547,0.855,7,-4.7,1,0.0597,0.0164,0.0,0.144,0.282,131.073,audio_features,4e3ZNTAV6PCrdYMUrUlMpQ,spotify:track:4e3ZNTAV6PCrdYMUrUlMpQ,https://api.spotify.com/v1/tracks/4e3ZNTAV6PCrdYMUrUlMpQ,https://api.spotify.com/v1/audio-analysis/4e3ZNTAV6PCrdYMUrUlMpQ,266467,4
When Emma Falls in Love (Taylor’s Version) (From The Vault),0.474,0.763,2,-4.632,1,0.0505,0.159,0.0,0.138,0.231,78.133,audio_features,0zo975x58DlXbZllWvfYhg,spotify:track:0zo975x58DlXbZllWvfYhg,https://api.spotify.com/v1/tracks/0zo975x58DlXbZllWvfYhg,https://api.spotify.com/v1/audio-analysis/0zo975x58DlXbZllWvfYhg,252386,4
I Can See You (Taylor’s Version) (From The Vault),0.694,0.764,6,-4.893,1,0.0337,0.0586,0.0,0.0608,0.819,123.044,audio_features,5kHMfzgLZP95O9NBy0ku4v,spotify:track:5kHMfzgLZP95O9NBy0ku4v,https://api.spotify.com/v1/tracks/5kHMfzgLZP95O9NBy0ku4v,https://api.spotify.com/v1/audio-analysis/5kHMfzgLZP95O9NBy0ku4v,273186,4
Castles Crumbling (feat. Hayley Williams) (Taylor’s Version) (From The Vault),0.576,0.57,7,-7.925,1,0.0434,0.362,0.0,0.0668,0.378,147.803,audio_features,4ABYxlb92WBIjHu7TIKmml,spotify:track:4ABYxlb92WBIjHu7TIKmml,https://api.spotify.com/v1/tracks/4ABYxlb92WBIjHu7TIKmml,https://api.spotify.com/v1/audio-analysis/4ABYxlb92WBIjHu7TIKmml,306062,4
Lavender Haze,0.733,0.436,10,-10.489,1,0.08,0.258,0.000573,0.157,0.0976,96.985,audio_features,5jQI2r1RdgtuT8S3iG8zFC,spotify:track:5jQI2r1RdgtuT8S3iG8zFC,https://api.spotify.com/v1/tracks/5jQI2r1RdgtuT8S3iG8zFC,https://api.spotify.com/v1/audio-analysis/5jQI2r1RdgtuT8S3iG8zFC,202396,4
Maroon,0.637,0.398,7,-8.294,1,0.0564,0.0573,1.03e-06,0.101,0.0374,108.075,audio_features,3eX0NZfLtGzoLUxPNvRfqm,spotify:track:3eX0NZfLtGzoLUxPNvRfqm,https://api.spotify.com/v1/tracks/3eX0NZfLtGzoLUxPNvRfqm,https://api.spotify.com/v1/audio-analysis/3eX0NZfLtGzoLUxPNvRfqm,218271,4
Anti-Hero,0.637,0.643,4,-6.571,1,0.0519,0.13,1.8e-06,0.142,0.533,97.008,audio_features,0V3wPSX9ygBnCm8psDIegu,spotify:track:0V3wPSX9ygBnCm8psDIegu,https://api.spotify.com/v1/tracks/0V3wPSX9ygBnCm8psDIegu,https://api.spotify.com/v1/audio-analysis/0V3wPSX9ygBnCm8psDIegu,200690,4
Snow On The Beach (feat. Lana Del Rey),0.663,0.319,9,-13.481,1,0.0375,0.69,0.000993,0.117,0.193,109.957,audio_features,1wtOxkiel43cVs0Yux5Q4h,spotify:track:1wtOxkiel43cVs0Yux5Q4h,https://api.spotify.com/v1/tracks/1wtOxkiel43cVs0Yux5Q4h,https://api.spotify.com/v1/audio-analysis/1wtOxkiel43cVs0Yux5Q4h,256124,4
"You're On Your Own, Kid",0.696,0.396,2,-10.289,1,0.0656,0.401,5.2e-06,0.125,0.38,120.041,audio_features,4D7BCuvgdJlYvlX5WlN54t,spotify:track:4D7BCuvgdJlYvlX5WlN54t,https://api.spotify.com/v1/tracks/4D7BCuvgdJlYvlX5WlN54t,https://api.spotify.com/v1/audio-analysis/4D7BCuvgdJlYvlX5WlN54t,194207,4
Midnight Rain,0.643,0.363,0,-11.738,1,0.0767,0.69,5.17e-05,0.115,0.23,139.865,audio_features,3rWDp9tBPQR9z6U5YyRSK4,spotify:track:3rWDp9tBPQR9z6U5YyRSK4,https://api.spotify.com/v1/tracks/3rWDp9tBPQR9z6U5YyRSK4,https://api.spotify.com/v1/audio-analysis/3rWDp9tBPQR9z6U5YyRSK4,174783,4
Question...?,0.751,0.502,7,-8.763,1,0.167,0.2,0.0,0.296,0.106,108.943,audio_features,0heeNYlwOGuUSe7TgUD27B,spotify:track:0heeNYlwOGuUSe7TgUD27B,https://api.spotify.com/v1/tracks/0heeNYlwOGuUSe7TgUD27B,https://api.spotify.com/v1/audio-analysis/0heeNYlwOGuUSe7TgUD27B,210557,4
Vigilante Shit,0.798,0.277,4,-11.096,0,0.39,0.173,5.25e-05,0.121,0.163,79.846,audio_features,1xwAWUI6Dj0WGC3KiUPN0O,spotify:track:1xwAWUI6Dj0WGC3KiUPN0O,https://api.spotify.com/v1/tracks/1xwAWUI6Dj0WGC3KiUPN0O,https://api.spotify.com/v1/audio-analysis/1xwAWUI6Dj0WGC3KiUPN0O,164801,4
Bejeweled,0.696,0.559,7,-9.19,1,0.0693,0.0618,5.58e-05,0.0887,0.433,163.999,audio_features,3qoftcUZaUOncvIYjFSPdE,spotify:track:3qoftcUZaUOncvIYjFSPdE,https://api.spotify.com/v1/tracks/3qoftcUZaUOncvIYjFSPdE,https://api.spotify.com/v1/audio-analysis/3qoftcUZaUOncvIYjFSPdE,194166,4
Labyrinth,0.406,0.306,0,-15.48,1,0.0517,0.785,0.488,0.122,0.122,110.014,audio_features,0A1JLUlkZkp2EFrosoNQi0,spotify:track:0A1JLUlkZkp2EFrosoNQi0,https://api.spotify.com/v1/tracks/0A1JLUlkZkp2EFrosoNQi0,https://api.spotify.com/v1/audio-analysis/0A1JLUlkZkp2EFrosoNQi0,247962,4
Karma,0.642,0.62,8,-7.091,1,0.0666,0.0734,0.0,0.483,0.0969,90.02,audio_features,7KokYm8cMIXCsGVmUvKtqf,spotify:track:7KokYm8cMIXCsGVmUvKtqf,https://api.spotify.com/v1/tracks/7KokYm8cMIXCsGVmUvKtqf,https://api.spotify.com/v1/audio-analysis/7KokYm8cMIXCsGVmUvKtqf,204852,4
Sweet Nothing,0.337,0.156,0,-14.919,1,0.0518,0.964,7.72e-05,0.115,0.39,176.655,audio_features,0wavGRldH0AWyu2zvTz8zb,spotify:track:0wavGRldH0AWyu2zvTz8zb,https://api.spotify.com/v1/tracks/0wavGRldH0AWyu2zvTz8zb,https://api.spotify.com/v1/audio-analysis/0wavGRldH0AWyu2zvTz8zb,188497,4
Mastermind,0.662,0.357,4,-14.064,1,0.154,0.553,0.00129,0.0837,0.124,125.966,audio_features,7FmYn9e7KHMXcxqGSj9LjH,spotify:track:7FmYn9e7KHMXcxqGSj9LjH,https://api.spotify.com/v1/tracks/7FmYn9e7KHMXcxqGSj9LjH,https://api.spotify.com/v1/audio-analysis/7FmYn9e7KHMXcxqGSj9LjH,191039,4
The Great War,0.573,0.741,5,-8.987,1,0.0353,0.219,2.23e-05,0.0842,0.554,96.016,audio_features,3UMrglJeju5yWyYIW6o99b,spotify:track:3UMrglJeju5yWyYIW6o99b,https://api.spotify.com/v1/tracks/3UMrglJeju5yWyYIW6o99b,https://api.spotify.com/v1/audio-analysis/3UMrglJeju5yWyYIW6o99b,240356,4
Bigger Than The Whole Sky,0.422,0.235,6,-12.379,1,0.0568,0.826,0.00648,0.115,0.068,165.71,audio_features,0BiqmkasE5FdrChwKfVp8X,spotify:track:0BiqmkasE5FdrChwKfVp8X,https://api.spotify.com/v1/tracks/0BiqmkasE5FdrChwKfVp8X,https://api.spotify.com/v1/audio-analysis/0BiqmkasE5FdrChwKfVp8X,218503,4
Paris,0.7,0.509,7,-10.547,1,0.0789,0.112,3.27e-05,0.137,0.345,110.947,audio_features,7712gjoih4QoDbXpljEk21,spotify:track:7712gjoih4QoDbXpljEk21,https://api.spotify.com/v1/tracks/7712gjoih4QoDbXpljEk21,https://api.spotify.com/v1/audio-analysis/7712gjoih4QoDbXpljEk21,196259,4
High Infidelity,0.646,0.529,10,-10.179,1,0.0864,0.723,0.0,0.0885,0.755,87.862,audio_features,5kiZGSxgqPdv6rbqL9THdd,spotify:track:5kiZGSxgqPdv6rbqL9THdd,https://api.spotify.com/v1/tracks/5kiZGSxgqPdv6rbqL9THdd,https://api.spotify.com/v1/audio-analysis/5kiZGSxgqPdv6rbqL9THdd,231475,4
Glitch,0.675,0.466,11,-9.738,0,0.201,0.361,0.0,0.11,0.347,140.864,audio_features,6wAFvJPpTZVirBKGZ4EnMW,spotify:track:6wAFvJPpTZVirBKGZ4EnMW,https://api.spotify.com/v1/tracks/6wAFvJPpTZVirBKGZ4EnMW,https://api.spotify.com/v1/audio-analysis/6wAFvJPpTZVirBKGZ4EnMW,148781,4
"Would've, Could've, Should've",0.483,0.84,7,-6.508,1,0.119,0.43,0.000575,0.146,0.55,157.979,audio_features,0aV5uARAknQgYhBaK944FP,spotify:track:0aV5uARAknQgYhBaK944FP,https://api.spotify.com/v1/tracks/0aV5uARAknQgYhBaK944FP,https://api.spotify.com/v1/audio-analysis/0aV5uARAknQgYhBaK944FP,260362,4
Dear Reader,0.562,0.388,0,-12.088,1,0.0705,0.481,0.00145,0.117,0.159,107.747,audio_features,3QF5RsWzK1lCvf2o2cY65P,spotify:track:3QF5RsWzK1lCvf2o2cY65P,https://api.spotify.com/v1/tracks/3QF5RsWzK1lCvf2o2cY65P,https://api.spotify.com/v1/audio-analysis/3QF5RsWzK1lCvf2o2cY65P,225194,4
State Of Grace (Taylor's Version),0.594,0.713,9,-5.314,1,0.0503,0.000328,0.0,0.114,0.328,129.958,audio_features,6lzc0Al0zfZOIFsFvBS1ki,spotify:track:6lzc0Al0zfZOIFsFvBS1ki,https://api.spotify.com/v1/tracks/6lzc0Al0zfZOIFsFvBS1ki,https://api.spotify.com/v1/audio-analysis/6lzc0Al0zfZOIFsFvBS1ki,295413,4
Red (Taylor's Version),0.516,0.777,1,-4.908,0,0.0375,0.00108,1.62e-06,0.0761,0.408,125.047,audio_features,4OAuvHryIVv4kMDNSLuPt6,spotify:track:4OAuvHryIVv4kMDNSLuPt6,https://api.spotify.com/v1/tracks/4OAuvHryIVv4kMDNSLuPt6,https://api.spotify.com/v1/audio-analysis/4OAuvHryIVv4kMDNSLuPt6,223093,4
Treacherous (Taylor's Version),0.645,0.593,2,-6.506,1,0.0288,0.0344,0.000127,0.13,0.299,109.984,audio_features,3S7HNKPakdwNEBFIVTL6dZ,spotify:track:3S7HNKPakdwNEBFIVTL6dZ,https://api.spotify.com/v1/tracks/3S7HNKPakdwNEBFIVTL6dZ,https://api.spotify.com/v1/audio-analysis/3S7HNKPakdwNEBFIVTL6dZ,242720,4
I Knew You Were Trouble (Taylor's Version),0.584,0.557,6,-6.371,1,0.0342,0.0129,0.0,0.0576,0.767,154.008,audio_features,6AtZLIzUINvExIUy4QhdjP,spotify:track:6AtZLIzUINvExIUy4QhdjP,https://api.spotify.com/v1/tracks/6AtZLIzUINvExIUy4QhdjP,https://api.spotify.com/v1/audio-analysis/6AtZLIzUINvExIUy4QhdjP,219760,4
All Too Well (Taylor's Version),0.44,0.528,0,-7.809,1,0.0317,0.0171,0.00203,0.234,0.132,185.972,audio_features,3nsfB1vus2qaloUdcBZvDu,spotify:track:3nsfB1vus2qaloUdcBZvDu,https://api.spotify.com/v1/tracks/3nsfB1vus2qaloUdcBZvDu,https://api.spotify.com/v1/audio-analysis/3nsfB1vus2qaloUdcBZvDu,329160,4
22 (Taylor's Version),0.642,0.695,7,-5.62,1,0.0281,0.000443,1.02e-05,0.0753,0.642,103.984,audio_features,3yII7UwgLF6K5zW3xad3MP,spotify:track:3yII7UwgLF6K5zW3xad3MP,https://api.spotify.com/v1/tracks/3yII7UwgLF6K5zW3xad3MP,https://api.spotify.com/v1/audio-analysis/3yII7UwgLF6K5zW3xad3MP,230960,4
I Almost Do (Taylor's Version),0.511,0.559,4,-6.587,1,0.0264,0.0167,0.0,0.113,0.248,145.88,audio_features,2r9CbjYgFhtAmcFv1cSquB,spotify:track:2r9CbjYgFhtAmcFv1cSquB,https://api.spotify.com/v1/tracks/2r9CbjYgFhtAmcFv1cSquB,https://api.spotify.com/v1/audio-analysis/2r9CbjYgFhtAmcFv1cSquB,244587,4
We Are Never Ever Getting Back Together (Taylor's Version),0.567,0.686,7,-6.139,1,0.175,0.0317,1.86e-06,0.0732,0.716,172.014,audio_features,5YqltLsjdqFtvqE7Nrysvs,spotify:track:5YqltLsjdqFtvqE7Nrysvs,https://api.spotify.com/v1/tracks/5YqltLsjdqFtvqE7Nrysvs,https://api.spotify.com/v1/audio-analysis/5YqltLsjdqFtvqE7Nrysvs,193147,4
Stay Stay Stay (Taylor's Version),0.693,0.681,0,-7.039,1,0.025,0.0848,0.0,0.0768,0.663,100.02,audio_features,7eQj6r5PIdYKEIZjucBMcq,spotify:track:7eQj6r5PIdYKEIZjucBMcq,https://api.spotify.com/v1/tracks/7eQj6r5PIdYKEIZjucBMcq,https://api.spotify.com/v1/audio-analysis/7eQj6r5PIdYKEIZjucBMcq,205787,4
The Last Time (feat. Gary Lightbody of Snow Patrol) (Taylor’s Version),0.502,0.534,2,-5.954,1,0.0278,0.0399,0.0,0.0977,0.155,94.05,audio_features,0y6kdSRCVQhSsHSpWvTUm7,spotify:track:0y6kdSRCVQhSsHSpWvTUm7,https://api.spotify.com/v1/tracks/0y6kdSRCVQhSsHSpWvTUm7,https://api.spotify.com/v1/audio-analysis/0y6kdSRCVQhSsHSpWvTUm7,299080,4
Holy Ground (Taylor's Version),0.622,0.809,9,-5.623,1,0.0638,0.0288,0.00218,0.109,0.511,156.894,audio_features,7J4b3LVCIGO4CMBDFLPoP6,spotify:track:7J4b3LVCIGO4CMBDFLPoP6,https://api.spotify.com/v1/tracks/7J4b3LVCIGO4CMBDFLPoP6,https://api.spotify.com/v1/audio-analysis/7J4b3LVCIGO4CMBDFLPoP6,202960,4
Sad Beautiful Tragic (Taylor's Version),0.601,0.406,7,-11.827,1,0.0275,0.622,9.19e-05,0.133,0.232,130.059,audio_features,73qMN9bXy7MSPwwGfH3wQr,spotify:track:73qMN9bXy7MSPwwGfH3wQr,https://api.spotify.com/v1/tracks/73qMN9bXy7MSPwwGfH3wQr,https://api.spotify.com/v1/audio-analysis/73qMN9bXy7MSPwwGfH3wQr,284773,3
The Lucky One (Taylor's Version),0.686,0.571,4,-7.138,1,0.05,0.066,0.0,0.0608,0.538,117.889,audio_features,4e5ayHsOLJNLTGfjau2mEw,spotify:track:4e5ayHsOLJNLTGfjau2mEw,https://api.spotify.com/v1/tracks/4e5ayHsOLJNLTGfjau2mEw,https://api.spotify.com/v1/audio-analysis/4e5ayHsOLJNLTGfjau2mEw,240467,4
Everything Has Changed (feat. Ed Sheeran) (Taylor’s Version),0.498,0.61,6,-5.098,1,0.0363,0.271,0.0,0.223,0.474,79.918,audio_features,7qEUFOVcxRI19tbT68JcYK,spotify:track:7qEUFOVcxRI19tbT68JcYK,https://api.spotify.com/v1/tracks/7qEUFOVcxRI19tbT68JcYK,https://api.spotify.com/v1/audio-analysis/7qEUFOVcxRI19tbT68JcYK,245427,4
Starlight (Taylor's Version),0.628,0.685,4,-5.864,1,0.0358,0.00324,0.0,0.18,0.605,126.014,audio_features,7A2cNLRT0YJc1yjxHlKihs,spotify:track:7A2cNLRT0YJc1yjxHlKihs,https://api.spotify.com/v1/tracks/7A2cNLRT0YJc1yjxHlKihs,https://api.spotify.com/v1/audio-analysis/7A2cNLRT0YJc1yjxHlKihs,220413,4
Begin Again (Taylor's Version),0.519,0.527,7,-7.673,1,0.0274,0.075,0.0,0.132,0.267,78.915,audio_features,05GsNucq8Bngd9fnd4fRa0,spotify:track:05GsNucq8Bngd9fnd4fRa0,https://api.spotify.com/v1/tracks/05GsNucq8Bngd9fnd4fRa0,https://api.spotify.com/v1/audio-analysis/05GsNucq8Bngd9fnd4fRa0,238867,4
The Moment I Knew (Taylor's Version),0.636,0.402,7,-7.855,1,0.031,0.0494,0.0,0.107,0.208,125.952,audio_features,0NRHj8hDwwmSPaA41o379r,spotify:track:0NRHj8hDwwmSPaA41o379r,https://api.spotify.com/v1/tracks/0NRHj8hDwwmSPaA41o379r,https://api.spotify.com/v1/audio-analysis/0NRHj8hDwwmSPaA41o379r,285280,4
Come Back...Be Here (Taylor's Version),0.46,0.632,4,-6.031,1,0.0302,0.0158,0.0,0.0822,0.399,79.846,audio_features,4pNApnaUWAL2J4KO2eqokq,spotify:track:4pNApnaUWAL2J4KO2eqokq,https://api.spotify.com/v1/tracks/4pNApnaUWAL2J4KO2eqokq,https://api.spotify.com/v1/audio-analysis/4pNApnaUWAL2J4KO2eqokq,223333,4
Girl At Home (Taylor's Version),0.691,0.736,5,-6.974,1,0.0326,0.00955,1.88e-05,0.101,0.612,125.089,audio_features,0DMVrlMUn01M0IcpDbwgu7,spotify:track:0DMVrlMUn01M0IcpDbwgu7,https://api.spotify.com/v1/tracks/0DMVrlMUn01M0IcpDbwgu7,https://api.spotify.com/v1/audio-analysis/0DMVrlMUn01M0IcpDbwgu7,220520,4
State Of Grace (Acoustic Version) (Taylor's Version),0.445,0.131,7,-13.778,1,0.0564,0.663,1.57e-06,0.108,0.101,208.918,audio_features,5jAIouBES8LWMiriuNq170,spotify:track:5jAIouBES8LWMiriuNq170,https://api.spotify.com/v1/tracks/5jAIouBES8LWMiriuNq170,https://api.spotify.com/v1/audio-analysis/5jAIouBES8LWMiriuNq170,321640,3
Fearless (Taylor’s Version),0.569,0.741,5,-4.963,1,0.0282,0.0122,0.0,0.333,0.43,100.118,audio_features,77sMIMlNaSURUAXq5coCxE,spotify:track:77sMIMlNaSURUAXq5coCxE,https://api.spotify.com/v1/tracks/77sMIMlNaSURUAXq5coCxE,https://api.spotify.com/v1/audio-analysis/77sMIMlNaSURUAXq5coCxE,241592,4
Fifteen (Taylor’s Version),0.559,0.646,7,-4.61,1,0.0272,0.116,0.0,0.32,0.289,95.466,audio_features,2nqio0SfWg6gh2eCtfuMa5,spotify:track:2nqio0SfWg6gh2eCtfuMa5,https://api.spotify.com/v1/tracks/2nqio0SfWg6gh2eCtfuMa5,https://api.spotify.com/v1/audio-analysis/2nqio0SfWg6gh2eCtfuMa5,294419,4
Love Story (Taylor’s Version),0.627,0.792,2,-4.311,1,0.031,0.13,3.97e-06,0.0845,0.415,119.054,audio_features,6YvqWjhGD8mB5QXcbcUKtx,spotify:track:6YvqWjhGD8mB5QXcbcUKtx,https://api.spotify.com/v1/tracks/6YvqWjhGD8mB5QXcbcUKtx,https://api.spotify.com/v1/audio-analysis/6YvqWjhGD8mB5QXcbcUKtx,235767,4
Hey Stephen (Taylor’s Version),0.788,0.571,6,-6.135,1,0.0296,0.106,0.0,0.0934,0.797,115.99,audio_features,550erGcdD9n6PnwxrvYqZT,spotify:track:550erGcdD9n6PnwxrvYqZT,https://api.spotify.com/v1/tracks/550erGcdD9n6PnwxrvYqZT,https://api.spotify.com/v1/audio-analysis/550erGcdD9n6PnwxrvYqZT,254255,4
White Horse (Taylor’s Version),0.423,0.517,0,-7.377,1,0.0486,0.369,0.0,0.177,0.366,185.262,audio_features,5YL553x8sHderRBDlm3NM3,spotify:track:5YL553x8sHderRBDlm3NM3,https://api.spotify.com/v1/tracks/5YL553x8sHderRBDlm3NM3,https://api.spotify.com/v1/audio-analysis/5YL553x8sHderRBDlm3NM3,234516,4
You Belong With Me (Taylor’s Version),0.632,0.773,6,-4.856,1,0.0346,0.0623,0.0,0.0885,0.474,130.033,audio_features,1qrpoAMXodY6895hGKoUpA,spotify:track:1qrpoAMXodY6895hGKoUpA,https://api.spotify.com/v1/tracks/1qrpoAMXodY6895hGKoUpA,https://api.spotify.com/v1/audio-analysis/1qrpoAMXodY6895hGKoUpA,231124,4
Breathe (feat. Colbie Caillat) (Taylor’s Version),0.506,0.626,1,-6.066,1,0.0287,0.156,0.0,0.228,0.321,148.035,audio_features,7HC7R2D8WjXVcUHJyEGjRs,spotify:track:7HC7R2D8WjXVcUHJyEGjRs,https://api.spotify.com/v1/tracks/7HC7R2D8WjXVcUHJyEGjRs,https://api.spotify.com/v1/audio-analysis/7HC7R2D8WjXVcUHJyEGjRs,263377,4
Tell Me Why (Taylor’s Version),0.578,0.909,7,-3.669,1,0.0628,0.0222,0.0,0.333,0.541,100.023,audio_features,0k0vFacOHNuArLWMiH60p7,spotify:track:0k0vFacOHNuArLWMiH60p7,https://api.spotify.com/v1/tracks/0k0vFacOHNuArLWMiH60p7,https://api.spotify.com/v1/audio-analysis/0k0vFacOHNuArLWMiH60p7,200576,4
You’re Not Sorry (Taylor’s Version),0.506,0.444,6,-4.99,1,0.0285,0.0538,0.0,0.123,0.241,133.873,audio_features,6iiAfo4wTA2CVC3Uwx9uh8,spotify:track:6iiAfo4wTA2CVC3Uwx9uh8,https://api.spotify.com/v1/tracks/6iiAfo4wTA2CVC3Uwx9uh8,https://api.spotify.com/v1/audio-analysis/6iiAfo4wTA2CVC3Uwx9uh8,261843,4
The Way I Loved You (Taylor’s Version),0.402,0.732,5,-4.665,1,0.0484,0.0033,0.0,0.108,0.472,161.032,audio_features,22bPsP2jCgbLUvh82U0Z3M,spotify:track:22bPsP2jCgbLUvh82U0Z3M,https://api.spotify.com/v1/tracks/22bPsP2jCgbLUvh82U0Z3M,https://api.spotify.com/v1/audio-analysis/22bPsP2jCgbLUvh82U0Z3M,243137,4
Forever & Always (Taylor’s Version),0.598,0.821,10,-4.433,1,0.0447,0.0231,0.0,0.143,0.673,128.03,audio_features,1msEuwSBneBKpVCZQcFTsU,spotify:track:1msEuwSBneBKpVCZQcFTsU,https://api.spotify.com/v1/tracks/1msEuwSBneBKpVCZQcFTsU,https://api.spotify.com/v1/audio-analysis/1msEuwSBneBKpVCZQcFTsU,225328,4
The Best Day (Taylor’s Version),0.642,0.576,1,-8.524,1,0.0282,0.488,0.0,0.159,0.469,125.0,audio_features,6ON9UuIq49xXY9GPmHIYRp,spotify:track:6ON9UuIq49xXY9GPmHIYRp,https://api.spotify.com/v1/tracks/6ON9UuIq49xXY9GPmHIYRp,https://api.spotify.com/v1/audio-analysis/6ON9UuIq49xXY9GPmHIYRp,245290,4
Change (Taylor’s Version),0.499,0.815,5,-4.063,1,0.0341,0.000191,0.0,0.181,0.344,95.999,audio_features,3ExweHKZF9B752DPQByRVT,spotify:track:3ExweHKZF9B752DPQByRVT,https://api.spotify.com/v1/tracks/3ExweHKZF9B752DPQByRVT,https://api.spotify.com/v1/audio-analysis/3ExweHKZF9B752DPQByRVT,279360,4
Jump Then Fall (Taylor’s Version),0.572,0.69,2,-6.201,1,0.0358,0.0474,0.0,0.0897,0.624,160.111,audio_features,2m3ObD945KvpE5y9A1eUWm,spotify:track:2m3ObD945KvpE5y9A1eUWm,https://api.spotify.com/v1/tracks/2m3ObD945KvpE5y9A1eUWm,https://api.spotify.com/v1/audio-analysis/2m3ObD945KvpE5y9A1eUWm,237580,4
Untouchable (Taylor’s Version),0.393,0.531,5,-6.112,1,0.0329,0.0181,0.0,0.169,0.224,200.391,audio_features,0tQ9vBYpldCuikPsbgOVKA,spotify:track:0tQ9vBYpldCuikPsbgOVKA,https://api.spotify.com/v1/tracks/0tQ9vBYpldCuikPsbgOVKA,https://api.spotify.com/v1/audio-analysis/0tQ9vBYpldCuikPsbgOVKA,312107,4
Forever & Always (Piano Version) (Taylor’s Version),0.546,0.273,9,-9.208,1,0.0308,0.819,0.0,0.137,0.271,118.753,audio_features,01QdEx6kFr78ZejhQtWR5m,spotify:track:01QdEx6kFr78ZejhQtWR5m,https://api.spotify.com/v1/tracks/01QdEx6kFr78ZejhQtWR5m,https://api.spotify.com/v1/audio-analysis/01QdEx6kFr78ZejhQtWR5m,267833,4
Come In With The Rain (Taylor’s Version),0.476,0.564,2,-5.677,1,0.0269,0.0406,0.0,0.102,0.167,143.929,audio_features,1n2wszmJyVkw6FHqyLnQsY,spotify:track:1n2wszmJyVkw6FHqyLnQsY,https://api.spotify.com/v1/tracks/1n2wszmJyVkw6FHqyLnQsY,https://api.spotify.com/v1/audio-analysis/1n2wszmJyVkw6FHqyLnQsY,237339,4
Superstar (Taylor’s Version),0.454,0.555,2,-6.69,1,0.0283,0.157,0.0,0.343,0.171,171.862,audio_features,51A8eKvvZz9uydvIZ7xRSV,spotify:track:51A8eKvvZz9uydvIZ7xRSV,https://api.spotify.com/v1/tracks/51A8eKvvZz9uydvIZ7xRSV,https://api.spotify.com/v1/audio-analysis/51A8eKvvZz9uydvIZ7xRSV,263865,4
The Other Side Of The Door (Taylor’s Version),0.432,0.873,4,-4.367,1,0.0577,0.0279,0.0,0.167,0.629,163.936,audio_features,1cSFlSBdpT4F5vb1frQ231,spotify:track:1cSFlSBdpT4F5vb1frQ231,https://api.spotify.com/v1/tracks/1cSFlSBdpT4F5vb1frQ231,https://api.spotify.com/v1/audio-analysis/1cSFlSBdpT4F5vb1frQ231,238444,4
Today Was A Fairytale (Taylor’s Version),0.482,0.779,7,-5.025,1,0.0409,0.0135,0.0,0.296,0.328,158.162,audio_features,2JoJrsEV15OzbijS47lids,spotify:track:2JoJrsEV15OzbijS47lids,https://api.spotify.com/v1/tracks/2JoJrsEV15OzbijS47lids,https://api.spotify.com/v1/audio-analysis/2JoJrsEV15OzbijS47lids,241822,4
willow,0.392,0.574,7,-9.195,1,0.17,0.833,0.00179,0.145,0.529,81.112,audio_features,0lx2cLdOt3piJbcaXIV74f,spotify:track:0lx2cLdOt3piJbcaXIV74f,https://api.spotify.com/v1/tracks/0lx2cLdOt3piJbcaXIV74f,https://api.spotify.com/v1/audio-analysis/0lx2cLdOt3piJbcaXIV74f,214707,4
champagne problems,0.462,0.24,0,-12.077,1,0.0377,0.92,0.0,0.113,0.32,171.319,audio_features,0sY6ZUTh4yoctD8VIXz339,spotify:track:0sY6ZUTh4yoctD8VIXz339,https://api.spotify.com/v1/tracks/0sY6ZUTh4yoctD8VIXz339,https://api.spotify.com/v1/audio-analysis/0sY6ZUTh4yoctD8VIXz339,244000,4
gold rush,0.512,0.462,9,-10.491,1,0.0408,0.83,0.166,0.121,0.353,112.05,audio_features,5BK0uqwY9DNfZ630STAEaq,spotify:track:5BK0uqwY9DNfZ630STAEaq,https://api.spotify.com/v1/tracks/5BK0uqwY9DNfZ630STAEaq,https://api.spotify.com/v1/audio-analysis/5BK0uqwY9DNfZ630STAEaq,185320,4
‘tis the damn season,0.575,0.434,5,-8.193,1,0.0312,0.735,6.59e-05,0.105,0.348,145.916,audio_features,7dW84mWkdWE5a6lFWxJCBG,spotify:track:7dW84mWkdWE5a6lFWxJCBG,https://api.spotify.com/v1/tracks/7dW84mWkdWE5a6lFWxJCBG,https://api.spotify.com/v1/audio-analysis/7dW84mWkdWE5a6lFWxJCBG,229840,4
tolerate it,0.316,0.361,9,-10.381,1,0.0488,0.878,2.67e-05,0.0797,0.221,74.952,audio_features,0PurA4JVJ8YQgSVopY8fn6,spotify:track:0PurA4JVJ8YQgSVopY8fn6,https://api.spotify.com/v1/tracks/0PurA4JVJ8YQgSVopY8fn6,https://api.spotify.com/v1/audio-analysis/0PurA4JVJ8YQgSVopY8fn6,245440,5
"no body, no crime (feat. HAIM)",0.546,0.613,7,-7.589,0,0.0264,0.418,0.0,0.103,0.535,79.015,audio_features,3RaT22zZsxVYxxKR7TAaYF,spotify:track:3RaT22zZsxVYxxKR7TAaYF,https://api.spotify.com/v1/tracks/3RaT22zZsxVYxxKR7TAaYF,https://api.spotify.com/v1/audio-analysis/3RaT22zZsxVYxxKR7TAaYF,215627,4
happiness,0.559,0.334,11,-10.733,1,0.0376,0.87,0.0,0.114,0.211,122.079,audio_features,73YUReisjb3A9ActdLLjJQ,spotify:track:73YUReisjb3A9ActdLLjJQ,https://api.spotify.com/v1/tracks/73YUReisjb3A9ActdLLjJQ,https://api.spotify.com/v1/audio-analysis/73YUReisjb3A9ActdLLjJQ,315147,4
dorothea,0.605,0.488,4,-8.322,1,0.0264,0.696,0.0,0.129,0.354,119.966,audio_features,670fUmXf4KQekzbEgaXyPA,spotify:track:670fUmXf4KQekzbEgaXyPA,https://api.spotify.com/v1/tracks/670fUmXf4KQekzbEgaXyPA,https://api.spotify.com/v1/audio-analysis/670fUmXf4KQekzbEgaXyPA,225880,4
coney island (feat. The National),0.537,0.537,8,-11.266,1,0.0617,0.819,0.000904,0.142,0.292,107.895,audio_features,3k7ne7VmH43ZPWxPdvPUgR,spotify:track:3k7ne7VmH43ZPWxPdvPUgR,https://api.spotify.com/v1/tracks/3k7ne7VmH43ZPWxPdvPUgR,https://api.spotify.com/v1/audio-analysis/3k7ne7VmH43ZPWxPdvPUgR,275320,4
ivy,0.515,0.545,2,-9.277,1,0.0353,0.855,1.97e-05,0.0921,0.535,88.856,audio_features,19CSr8rwW05VJL2F91KFNK,spotify:track:19CSr8rwW05VJL2F91KFNK,https://api.spotify.com/v1/tracks/19CSr8rwW05VJL2F91KFNK,https://api.spotify.com/v1/audio-analysis/19CSr8rwW05VJL2F91KFNK,260440,4
cowboy like me,0.604,0.517,0,-9.014,1,0.0347,0.768,0.000155,0.123,0.511,127.967,audio_features,1XjHRolIXL2M1EEOUsGGR4,spotify:track:1XjHRolIXL2M1EEOUsGGR4,https://api.spotify.com/v1/tracks/1XjHRolIXL2M1EEOUsGGR4,https://api.spotify.com/v1/audio-analysis/1XjHRolIXL2M1EEOUsGGR4,275040,4
long story short,0.546,0.73,0,-7.704,1,0.0417,0.66,0.179,0.0972,0.573,157.895,audio_features,2o2sgVJIgFXk8GQjWTgI6U,spotify:track:2o2sgVJIgFXk8GQjWTgI6U,https://api.spotify.com/v1/tracks/2o2sgVJIgFXk8GQjWTgI6U,https://api.spotify.com/v1/audio-analysis/2o2sgVJIgFXk8GQjWTgI6U,215920,4
marjorie,0.535,0.561,5,-11.609,1,0.0484,0.876,0.000136,0.115,0.287,96.103,audio_features,12ntTeqEeTg7GAVpe8Mhpl,spotify:track:12ntTeqEeTg7GAVpe8Mhpl,https://api.spotify.com/v1/tracks/12ntTeqEeTg7GAVpe8Mhpl,https://api.spotify.com/v1/audio-analysis/12ntTeqEeTg7GAVpe8Mhpl,257773,4
closure,0.689,0.704,9,-10.813,1,0.245,0.835,4.83e-06,0.134,0.92,151.884,audio_features,35rdVq36LMHQX0Suw9a6tK,spotify:track:35rdVq36LMHQX0Suw9a6tK,https://api.spotify.com/v1/tracks/35rdVq36LMHQX0Suw9a6tK,https://api.spotify.com/v1/audio-analysis/35rdVq36LMHQX0Suw9a6tK,180653,5
evermore (feat. Bon Iver),0.39,0.27,1,-10.673,1,0.0308,0.937,0.00227,0.111,0.32,125.177,audio_features,3O5osWf1rSoKMwe6E9ZaXP,spotify:track:3O5osWf1rSoKMwe6E9ZaXP,https://api.spotify.com/v1/tracks/3O5osWf1rSoKMwe6E9ZaXP,https://api.spotify.com/v1/audio-analysis/3O5osWf1rSoKMwe6E9ZaXP,304107,5
right where you left me - bonus track,0.581,0.619,10,-6.524,1,0.0282,0.769,0.000106,0.117,0.645,137.915,audio_features,3zwMVvkBe2qIKDObWgXw4N,spotify:track:3zwMVvkBe2qIKDObWgXw4N,https://api.spotify.com/v1/tracks/3zwMVvkBe2qIKDObWgXw4N,https://api.spotify.com/v1/audio-analysis/3zwMVvkBe2qIKDObWgXw4N,245027,4
it’s time to go - bonus track,0.592,0.41,0,-12.426,1,0.0397,0.801,1.39e-05,0.09,0.416,151.923,audio_features,1kdWw77ZpYOkhxeuhzU1j6,spotify:track:1kdWw77ZpYOkhxeuhzU1j6,https://api.spotify.com/v1/tracks/1kdWw77ZpYOkhxeuhzU1j6,https://api.spotify.com/v1/audio-analysis/1kdWw77ZpYOkhxeuhzU1j6,254640,4
the 1,0.777,0.357,0,-6.942,1,0.0522,0.757,7.28e-06,0.108,0.172,139.883,audio_features,0Jlcvv8IykzHaSmj49uNW8,spotify:track:0Jlcvv8IykzHaSmj49uNW8,https://api.spotify.com/v1/tracks/0Jlcvv8IykzHaSmj49uNW8,https://api.spotify.com/v1/audio-analysis/0Jlcvv8IykzHaSmj49uNW8,210252,4
cardigan,0.613,0.581,0,-8.588,0,0.0424,0.537,0.000345,0.25,0.551,130.033,audio_features,4R2kfaDFhslZEMJqAFNpdd,spotify:track:4R2kfaDFhslZEMJqAFNpdd,https://api.spotify.com/v1/tracks/4R2kfaDFhslZEMJqAFNpdd,https://api.spotify.com/v1/audio-analysis/4R2kfaDFhslZEMJqAFNpdd,239560,4
the last great american dynasty,0.686,0.662,7,-8.505,1,0.0413,0.467,0.0023,0.109,0.706,147.922,audio_features,2Eeur20xVqfUoM3Q7EFPFt,spotify:track:2Eeur20xVqfUoM3Q7EFPFt,https://api.spotify.com/v1/tracks/2Eeur20xVqfUoM3Q7EFPFt,https://api.spotify.com/v1/audio-analysis/2Eeur20xVqfUoM3Q7EFPFt,230999,4
exile (feat. Bon Iver),0.298,0.38,6,-8.426,1,0.0287,0.778,5.62e-05,0.11,0.152,75.602,audio_features,4pvb0WLRcMtbPGmtejJJ6y,spotify:track:4pvb0WLRcMtbPGmtejJJ6y,https://api.spotify.com/v1/tracks/4pvb0WLRcMtbPGmtejJJ6y,https://api.spotify.com/v1/audio-analysis/4pvb0WLRcMtbPGmtejJJ6y,285634,4
my tears ricochet,0.456,0.263,0,-10.63,1,0.0332,0.806,0.0,0.0749,0.111,129.86,audio_features,1MgV7FIyNxIG7WzMRJV5HC,spotify:track:1MgV7FIyNxIG7WzMRJV5HC,https://api.spotify.com/v1/tracks/1MgV7FIyNxIG7WzMRJV5HC,https://api.spotify.com/v1/audio-analysis/1MgV7FIyNxIG7WzMRJV5HC,255894,4
mirrorball,0.553,0.413,2,-10.037,1,0.0334,0.687,2.33e-06,0.0594,0.379,110.107,audio_features,0ZNU020wNYvgW84iljPkPP,spotify:track:0ZNU020wNYvgW84iljPkPP,https://api.spotify.com/v1/tracks/0ZNU020wNYvgW84iljPkPP,https://api.spotify.com/v1/audio-analysis/0ZNU020wNYvgW84iljPkPP,208978,4
seven,0.596,0.488,4,-10.769,1,0.0274,0.9,2.7e-05,0.091,0.415,94.926,audio_features,6KJqZcs9XDgVck7Lg9QOTC,spotify:track:6KJqZcs9XDgVck7Lg9QOTC,https://api.spotify.com/v1/tracks/6KJqZcs9XDgVck7Lg9QOTC,https://api.spotify.com/v1/audio-analysis/6KJqZcs9XDgVck7Lg9QOTC,208907,4
august,0.532,0.623,5,-9.208,1,0.0331,0.538,7.28e-05,0.0925,0.403,89.937,audio_features,3hUxzQpSfdDqwM3ZTFQY0K,spotify:track:3hUxzQpSfdDqwM3ZTFQY0K,https://api.spotify.com/v1/tracks/3hUxzQpSfdDqwM3ZTFQY0K,https://api.spotify.com/v1/audio-analysis/3hUxzQpSfdDqwM3ZTFQY0K,261923,4
this is me trying,0.515,0.476,9,-9.843,1,0.0328,0.314,4.74e-05,0.171,0.412,135.886,audio_features,7kt9e9LFSpN1zQtYEl19o1,spotify:track:7kt9e9LFSpN1zQtYEl19o1,https://api.spotify.com/v1/tracks/7kt9e9LFSpN1zQtYEl19o1,https://api.spotify.com/v1/audio-analysis/7kt9e9LFSpN1zQtYEl19o1,195097,4
illicit affairs,0.559,0.31,10,-10.445,1,0.0338,0.881,0.0,0.106,0.46,119.845,audio_features,2NmsngXHeC1GQ9wWrzhOMf,spotify:track:2NmsngXHeC1GQ9wWrzhOMf,https://api.spotify.com/v1/tracks/2NmsngXHeC1GQ9wWrzhOMf,https://api.spotify.com/v1/audio-analysis/2NmsngXHeC1GQ9wWrzhOMf,190898,4
invisible string,0.653,0.452,4,-11.143,0,0.055,0.838,7.73e-05,0.108,0.45,83.433,audio_features,6VsvKPJ4xjVNKpI8VVZ3SV,spotify:track:6VsvKPJ4xjVNKpI8VVZ3SV,https://api.spotify.com/v1/tracks/6VsvKPJ4xjVNKpI8VVZ3SV,https://api.spotify.com/v1/audio-analysis/6VsvKPJ4xjVNKpI8VVZ3SV,252881,4
mad woman,0.592,0.699,3,-8.995,1,0.0471,0.655,1.68e-05,0.114,0.506,141.916,audio_features,2QDyYdZyhlP2fp79KZX8Bi,spotify:track:2QDyYdZyhlP2fp79KZX8Bi,https://api.spotify.com/v1/tracks/2QDyYdZyhlP2fp79KZX8Bi,https://api.spotify.com/v1/audio-analysis/2QDyYdZyhlP2fp79KZX8Bi,237258,4
epiphany,0.354,0.267,1,-13.69,1,0.0281,0.731,0.000402,0.0858,0.113,94.219,audio_features,08fa9LFcFBTcilB3iq2e2A,spotify:track:08fa9LFcFBTcilB3iq2e2A,https://api.spotify.com/v1/tracks/08fa9LFcFBTcilB3iq2e2A,https://api.spotify.com/v1/audio-analysis/08fa9LFcFBTcilB3iq2e2A,289749,4
betty,0.593,0.377,0,-8.761,1,0.0253,0.6,0.0,0.0976,0.502,95.939,audio_features,5kI4eCXXzyuIUXjQra0Cxi,spotify:track:5kI4eCXXzyuIUXjQra0Cxi,https://api.spotify.com/v1/tracks/5kI4eCXXzyuIUXjQra0Cxi,https://api.spotify.com/v1/audio-analysis/5kI4eCXXzyuIUXjQra0Cxi,294521,4
peace,0.647,0.272,5,-12.906,1,0.0916,0.918,1.73e-05,0.0918,0.339,150.044,audio_features,7MbT4I8qGntX4fMdqMQgke,spotify:track:7MbT4I8qGntX4fMdqMQgke,https://api.spotify.com/v1/tracks/7MbT4I8qGntX4fMdqMQgke,https://api.spotify.com/v1/audio-analysis/7MbT4I8qGntX4fMdqMQgke,234000,4
hoax,0.662,0.181,8,-15.065,1,0.0415,0.966,3.86e-06,0.133,0.429,118.819,audio_features,6MWoRt97mnSTXZhu3ggi9C,spotify:track:6MWoRt97mnSTXZhu3ggi9C,https://api.spotify.com/v1/tracks/6MWoRt97mnSTXZhu3ggi9C,https://api.spotify.com/v1/audio-analysis/6MWoRt97mnSTXZhu3ggi9C,220043,4
the lakes - bonus track,0.313,0.258,2,-11.532,1,0.0383,0.842,1.3e-06,0.0948,0.268,179.947,audio_features,0eFQWVz0qIxDOvhLpZ40P7,spotify:track:0eFQWVz0qIxDOvhLpZ40P7,https://api.spotify.com/v1/tracks/0eFQWVz0qIxDOvhLpZ40P7,https://api.spotify.com/v1/audio-analysis/0eFQWVz0qIxDOvhLpZ40P7,211813,4
the 1 - the long pond studio sessions,0.708,0.25,0,-10.731,1,0.0361,0.898,0.026,0.102,0.156,139.803,audio_features,08J4bMHbILkwSIhbtrcvjN,spotify:track:08J4bMHbILkwSIhbtrcvjN,https://api.spotify.com/v1/tracks/08J4bMHbILkwSIhbtrcvjN,https://api.spotify.com/v1/audio-analysis/08J4bMHbILkwSIhbtrcvjN,219893,4
cardigan - the long pond studio sessions,0.395,0.234,0,-9.704,0,0.0382,0.88,0.0,0.107,0.247,86.478,audio_features,3EPgWM1zfTSzEc0z4AwWTM,spotify:track:3EPgWM1zfTSzEc0z4AwWTM,https://api.spotify.com/v1/tracks/3EPgWM1zfTSzEc0z4AwWTM,https://api.spotify.com/v1/audio-analysis/3EPgWM1zfTSzEc0z4AwWTM,230680,3
the last great american dynasty - the long pond studio sessions,0.64,0.618,7,-11.715,1,0.0379,0.743,0.004,0.0574,0.614,147.948,audio_features,28tIMaewZuGR8urkvFhQyA,spotify:track:28tIMaewZuGR8urkvFhQyA,https://api.spotify.com/v1/tracks/28tIMaewZuGR8urkvFhQyA,https://api.spotify.com/v1/audio-analysis/28tIMaewZuGR8urkvFhQyA,232347,4
I Forgot That You Existed,0.664,0.316,5,-10.345,1,0.519,0.298,2.03e-06,0.0812,0.541,92.875,audio_features,43rA71bccXFGD4C8GOpIlN,spotify:track:43rA71bccXFGD4C8GOpIlN,https://api.spotify.com/v1/tracks/43rA71bccXFGD4C8GOpIlN,https://api.spotify.com/v1/audio-analysis/43rA71bccXFGD4C8GOpIlN,170640,4
Cruel Summer,0.552,0.702,9,-5.707,1,0.157,0.117,2.06e-05,0.105,0.564,169.994,audio_features,1BxfuPKGuaTgP7aM0Bbdwr,spotify:track:1BxfuPKGuaTgP7aM0Bbdwr,https://api.spotify.com/v1/tracks/1BxfuPKGuaTgP7aM0Bbdwr,https://api.spotify.com/v1/audio-analysis/1BxfuPKGuaTgP7aM0Bbdwr,178427,4
Lover,0.359,0.543,7,-7.582,1,0.0919,0.492,1.58e-05,0.118,0.453,68.534,audio_features,1dGr1c8CrMLDpV6mPbImSI,spotify:track:1dGr1c8CrMLDpV6mPbImSI,https://api.spotify.com/v1/tracks/1dGr1c8CrMLDpV6mPbImSI,https://api.spotify.com/v1/audio-analysis/1dGr1c8CrMLDpV6mPbImSI,221307,4
The Man,0.777,0.658,0,-5.191,1,0.054,0.0767,0.0,0.0901,0.633,110.048,audio_features,3RauEVgRgj1IuWdJ9fDs70,spotify:track:3RauEVgRgj1IuWdJ9fDs70,https://api.spotify.com/v1/tracks/3RauEVgRgj1IuWdJ9fDs70,https://api.spotify.com/v1/audio-analysis/3RauEVgRgj1IuWdJ9fDs70,190360,4
The Archer,0.292,0.574,0,-9.375,1,0.0401,0.12,0.00569,0.0663,0.166,124.344,audio_features,3pHkh7d0lzM2AldUtz2x37,spotify:track:3pHkh7d0lzM2AldUtz2x37,https://api.spotify.com/v1/tracks/3pHkh7d0lzM2AldUtz2x37,https://api.spotify.com/v1/audio-analysis/3pHkh7d0lzM2AldUtz2x37,211240,4
I Think He Knows,0.897,0.366,0,-8.029,1,0.0569,0.00889,0.000353,0.0715,0.416,100.003,audio_features,2YWtcWi3a83pdEg3Gif4Pd,spotify:track:2YWtcWi3a83pdEg3Gif4Pd,https://api.spotify.com/v1/tracks/2YWtcWi3a83pdEg3Gif4Pd,https://api.spotify.com/v1/audio-analysis/2YWtcWi3a83pdEg3Gif4Pd,173387,4
Miss Americana & The Heartbreak Prince,0.662,0.747,11,-6.926,0,0.0736,0.028,0.00615,0.138,0.487,150.088,audio_features,214nt20w5wOxJnY462klLw,spotify:track:214nt20w5wOxJnY462klLw,https://api.spotify.com/v1/tracks/214nt20w5wOxJnY462klLw,https://api.spotify.com/v1/audio-analysis/214nt20w5wOxJnY462klLw,234147,4
Paper Rings,0.811,0.719,9,-6.553,1,0.0497,0.0129,1.36e-05,0.0742,0.865,103.979,audio_features,4y5bvROuBDPr5fuwXbIBZR,spotify:track:4y5bvROuBDPr5fuwXbIBZR,https://api.spotify.com/v1/tracks/4y5bvROuBDPr5fuwXbIBZR,https://api.spotify.com/v1/audio-analysis/4y5bvROuBDPr5fuwXbIBZR,222400,4
Cornelia Street,0.824,0.624,0,-9.728,1,0.0827,0.781,0.000189,0.1,0.248,102.012,audio_features,12M5uqx0ZuwkpLp5rJim1a,spotify:track:12M5uqx0ZuwkpLp5rJim1a,https://api.spotify.com/v1/tracks/12M5uqx0ZuwkpLp5rJim1a,https://api.spotify.com/v1/audio-analysis/12M5uqx0ZuwkpLp5rJim1a,287267,4
Death By A Thousand Cuts,0.712,0.732,4,-6.754,1,0.0629,0.454,0.0,0.319,0.313,94.071,audio_features,2dgFqt3w9xIQRjhPtwNk3D,spotify:track:2dgFqt3w9xIQRjhPtwNk3D,https://api.spotify.com/v1/tracks/2dgFqt3w9xIQRjhPtwNk3D,https://api.spotify.com/v1/audio-analysis/2dgFqt3w9xIQRjhPtwNk3D,198533,4
London Boy,0.695,0.71,1,-6.639,1,0.05,0.0246,0.000104,0.133,0.557,157.925,audio_features,1LLXZFeAHK9R4xUramtUKw,spotify:track:1LLXZFeAHK9R4xUramtUKw,https://api.spotify.com/v1/tracks/1LLXZFeAHK9R4xUramtUKw,https://api.spotify.com/v1/audio-analysis/1LLXZFeAHK9R4xUramtUKw,190240,4
Soon You’ll Get Better (feat. The Chicks),0.433,0.182,0,-12.566,1,0.0641,0.907,0.0,0.123,0.421,207.476,audio_features,4AYtqFyFbX0Xkc2wtcygTr,spotify:track:4AYtqFyFbX0Xkc2wtcygTr,https://api.spotify.com/v1/tracks/4AYtqFyFbX0Xkc2wtcygTr,https://api.spotify.com/v1/audio-analysis/4AYtqFyFbX0Xkc2wtcygTr,201587,4
False God,0.739,0.32,11,-10.862,0,0.239,0.736,0.000147,0.111,0.351,79.97,audio_features,5hQSXkFgbxjZo9uCwd11so,spotify:track:5hQSXkFgbxjZo9uCwd11so,https://api.spotify.com/v1/tracks/5hQSXkFgbxjZo9uCwd11so,https://api.spotify.com/v1/audio-analysis/5hQSXkFgbxjZo9uCwd11so,200307,4
You Need To Calm Down,0.771,0.671,2,-5.617,1,0.0553,0.00929,0.0,0.0637,0.714,85.026,audio_features,6RRNNciQGZEXnqk8SQ9yv5,spotify:track:6RRNNciQGZEXnqk8SQ9yv5,https://api.spotify.com/v1/tracks/6RRNNciQGZEXnqk8SQ9yv5,https://api.spotify.com/v1/audio-analysis/6RRNNciQGZEXnqk8SQ9yv5,171360,4
Afterglow,0.756,0.449,9,-8.746,1,0.0344,0.13,0.0,0.114,0.399,111.011,audio_features,1SymEzIT3H8UZfibCs3TYi,spotify:track:1SymEzIT3H8UZfibCs3TYi,https://api.spotify.com/v1/tracks/1SymEzIT3H8UZfibCs3TYi,https://api.spotify.com/v1/audio-analysis/1SymEzIT3H8UZfibCs3TYi,223293,4
ME! (feat. Brendon Urie of Panic! At The Disco),0.61,0.83,0,-4.105,1,0.0571,0.033,0.0,0.118,0.728,182.162,audio_features,2Rk4JlNc2TPmZe2af99d45,spotify:track:2Rk4JlNc2TPmZe2af99d45,https://api.spotify.com/v1/tracks/2Rk4JlNc2TPmZe2af99d45,https://api.spotify.com/v1/audio-analysis/2Rk4JlNc2TPmZe2af99d45,193000,4
It’s Nice To Have A Friend,0.737,0.175,10,-9.912,1,0.0401,0.971,0.000337,0.171,0.545,70.008,audio_features,1SmiQ65iSAbPto6gPFlBYm,spotify:track:1SmiQ65iSAbPto6gPFlBYm,https://api.spotify.com/v1/tracks/1SmiQ65iSAbPto6gPFlBYm,https://api.spotify.com/v1/audio-analysis/1SmiQ65iSAbPto6gPFlBYm,150440,4
Daylight,0.557,0.496,0,-9.602,1,0.0563,0.808,0.000173,0.0772,0.265,149.983,audio_features,1fzAuUVbzlhZ1lJAx9PtY6,spotify:track:1fzAuUVbzlhZ1lJAx9PtY6,https://api.spotify.com/v1/tracks/1fzAuUVbzlhZ1lJAx9PtY6,https://api.spotify.com/v1/audio-analysis/1fzAuUVbzlhZ1lJAx9PtY6,293453,4
...Ready For It?,0.613,0.764,2,-6.509,1,0.136,0.0527,0.0,0.197,0.417,160.015,audio_features,2yLa0QULdQr0qAIvVwN6B5,spotify:track:2yLa0QULdQr0qAIvVwN6B5,https://api.spotify.com/v1/tracks/2yLa0QULdQr0qAIvVwN6B5,https://api.spotify.com/v1/audio-analysis/2yLa0QULdQr0qAIvVwN6B5,208187,4
End Game,0.649,0.589,2,-6.237,1,0.0558,0.00845,0.0,0.108,0.151,159.073,audio_features,2x0WlnmfG39ZuDmstl9xfX,spotify:track:2x0WlnmfG39ZuDmstl9xfX,https://api.spotify.com/v1/tracks/2x0WlnmfG39ZuDmstl9xfX,https://api.spotify.com/v1/audio-analysis/2x0WlnmfG39ZuDmstl9xfX,244827,4
I Did Something Bad,0.696,0.602,0,-6.156,0,0.159,0.0679,2.11e-05,0.0696,0.305,82.989,audio_features,4svZDCRz4cJoneBpjpx8DJ,spotify:track:4svZDCRz4cJoneBpjpx8DJ,https://api.spotify.com/v1/tracks/4svZDCRz4cJoneBpjpx8DJ,https://api.spotify.com/v1/audio-analysis/4svZDCRz4cJoneBpjpx8DJ,238253,4
Don’t Blame Me,0.615,0.534,9,-6.719,0,0.0386,0.106,1.76e-05,0.0607,0.193,135.917,audio_features,1R0a2iXumgCiFb7HEZ7gUE,spotify:track:1R0a2iXumgCiFb7HEZ7gUE,https://api.spotify.com/v1/tracks/1R0a2iXumgCiFb7HEZ7gUE,https://api.spotify.com/v1/audio-analysis/1R0a2iXumgCiFb7HEZ7gUE,236413,4
Delicate,0.75,0.404,9,-10.178,0,0.0682,0.216,0.000357,0.0911,0.0499,95.045,audio_features,6NFyWDv5CjfwuzoCkw47Xf,spotify:track:6NFyWDv5CjfwuzoCkw47Xf,https://api.spotify.com/v1/tracks/6NFyWDv5CjfwuzoCkw47Xf,https://api.spotify.com/v1/audio-analysis/6NFyWDv5CjfwuzoCkw47Xf,232253,4
Look What You Made Me Do,0.766,0.709,9,-6.471,0,0.123,0.204,1.41e-05,0.126,0.506,128.07,audio_features,1P17dC1amhFzptugyAO7Il,spotify:track:1P17dC1amhFzptugyAO7Il,https://api.spotify.com/v1/tracks/1P17dC1amhFzptugyAO7Il,https://api.spotify.com/v1/audio-analysis/1P17dC1amhFzptugyAO7Il,211853,4
So It Goes...,0.574,0.61,2,-7.283,1,0.0732,0.122,1.1e-06,0.13,0.374,74.957,audio_features,41T04yafZVrjNq2FqvLtId,spotify:track:41T04yafZVrjNq2FqvLtId,https://api.spotify.com/v1/tracks/41T04yafZVrjNq2FqvLtId,https://api.spotify.com/v1/audio-analysis/41T04yafZVrjNq2FqvLtId,227907,4
Gorgeous,0.8,0.535,7,-6.684,1,0.135,0.0713,9.48e-06,0.213,0.451,92.027,audio_features,1ZY1PqizIl78geGM4xWlEA,spotify:track:1ZY1PqizIl78geGM4xWlEA,https://api.spotify.com/v1/tracks/1ZY1PqizIl78geGM4xWlEA,https://api.spotify.com/v1/audio-analysis/1ZY1PqizIl78geGM4xWlEA,209680,4
Getaway Car,0.562,0.689,2,-6.745,1,0.127,0.00465,2.23e-06,0.0888,0.351,172.054,audio_features,0VE4kBnHJUgtMf0dy6DRmW,spotify:track:0VE4kBnHJUgtMf0dy6DRmW,https://api.spotify.com/v1/tracks/0VE4kBnHJUgtMf0dy6DRmW,https://api.spotify.com/v1/audio-analysis/0VE4kBnHJUgtMf0dy6DRmW,233627,4
King Of My Heart,0.675,0.703,0,-7.902,1,0.0382,0.00882,2.21e-06,0.0391,0.314,110.01,audio_features,7HuBDWi18s4aJM8UFnNheH,spotify:track:7HuBDWi18s4aJM8UFnNheH,https://api.spotify.com/v1/tracks/7HuBDWi18s4aJM8UFnNheH,https://api.spotify.com/v1/audio-analysis/7HuBDWi18s4aJM8UFnNheH,214320,4
Dancing With Our Hands Tied,0.624,0.691,0,-6.686,0,0.196,0.0604,1.1e-05,0.138,0.284,160.024,audio_features,7I7JbDv63ZJJsSi24DyJrz,spotify:track:7I7JbDv63ZJJsSi24DyJrz,https://api.spotify.com/v1/tracks/7I7JbDv63ZJJsSi24DyJrz,https://api.spotify.com/v1/audio-analysis/7I7JbDv63ZJJsSi24DyJrz,211507,4
Dress,0.719,0.469,0,-8.792,1,0.0533,0.0329,0.0,0.169,0.0851,120.085,audio_features,6oVxXO5oQ4pTpO8RSnkzvv,spotify:track:6oVxXO5oQ4pTpO8RSnkzvv,https://api.spotify.com/v1/tracks/6oVxXO5oQ4pTpO8RSnkzvv,https://api.spotify.com/v1/audio-analysis/6oVxXO5oQ4pTpO8RSnkzvv,230373,4
This Is Why We Can't Have Nice Things,0.567,0.789,5,-5.986,1,0.115,0.0156,0.0,0.382,0.438,163.96,audio_features,07NxDD1iKCHbAldceD7QLP,spotify:track:07NxDD1iKCHbAldceD7QLP,https://api.spotify.com/v1/tracks/07NxDD1iKCHbAldceD7QLP,https://api.spotify.com/v1/audio-analysis/07NxDD1iKCHbAldceD7QLP,207133,4
Call It What You Want,0.598,0.504,9,-9.874,1,0.0731,0.186,0.000221,0.34,0.252,163.954,audio_features,1GwMQaZz6Au3QLDbjbMdme,spotify:track:1GwMQaZz6Au3QLDbjbMdme,https://api.spotify.com/v1/tracks/1GwMQaZz6Au3QLDbjbMdme,https://api.spotify.com/v1/audio-analysis/1GwMQaZz6Au3QLDbjbMdme,203507,4
New Year’s Day,0.661,0.151,0,-12.864,1,0.0354,0.921,0.0,0.13,0.23,94.922,audio_features,7F5oktn5YOsR9eR5YsFtqb,spotify:track:7F5oktn5YOsR9eR5YsFtqb,https://api.spotify.com/v1/tracks/7F5oktn5YOsR9eR5YsFtqb,https://api.spotify.com/v1/audio-analysis/7F5oktn5YOsR9eR5YsFtqb,235467,4
All Too Well,0.602,0.609,0,-7.803,1,0.0243,0.0382,0.0002,0.127,0.337,93.06,audio_features,4XMP3zVxrnr58T0tjIHvpR,spotify:track:4XMP3zVxrnr58T0tjIHvpR,https://api.spotify.com/v1/tracks/4XMP3zVxrnr58T0tjIHvpR,https://api.spotify.com/v1/audio-analysis/4XMP3zVxrnr58T0tjIHvpR,327893,4
Wildest Dreams,0.554,0.666,8,-7.414,1,0.0747,0.0702,0.00593,0.106,0.472,140.056,audio_features,59HjlYCeBsxdI0fcm3zglw,spotify:track:59HjlYCeBsxdI0fcm3zglw,https://api.spotify.com/v1/tracks/59HjlYCeBsxdI0fcm3zglw,https://api.spotify.com/v1/audio-analysis/59HjlYCeBsxdI0fcm3zglw,220440,4
The Best Day,0.669,0.448,1,-8.566,1,0.0285,0.639,4.06e-06,0.158,0.383,126.068,audio_features,7APTsjmZbj7TFXQJAiRti4,spotify:track:7APTsjmZbj7TFXQJAiRti4,https://api.spotify.com/v1/tracks/7APTsjmZbj7TFXQJAiRti4,https://api.spotify.com/v1/audio-analysis/7APTsjmZbj7TFXQJAiRti4,246307,4
Red,0.602,0.896,1,-4.267,0,0.0437,0.0773,8.87e-05,0.091,0.641,124.978,audio_features,0cITLOYn1Sv4q27zZPqlNK,spotify:track:0cITLOYn1Sv4q27zZPqlNK,https://api.spotify.com/v1/tracks/0cITLOYn1Sv4q27zZPqlNK,https://api.spotify.com/v1/audio-analysis/0cITLOYn1Sv4q27zZPqlNK,220827,4
Holy Ground,0.627,0.816,4,-6.698,1,0.0774,0.0162,0.00208,0.0966,0.648,157.043,audio_features,1fGsZsIkQkOspfsT24nQP6,spotify:track:1fGsZsIkQkOspfsT24nQP6,https://api.spotify.com/v1/tracks/1fGsZsIkQkOspfsT24nQP6,https://api.spotify.com/v1/audio-analysis/1fGsZsIkQkOspfsT24nQP6,201853,4
Teardrops On My Guitar - Radio Single Remix,0.626,0.427,10,-6.993,1,0.0234,0.313,0.0,0.138,0.263,99.959,audio_features,7eGeUVeCEvEQrivmjl9Qn3,spotify:track:7eGeUVeCEvEQrivmjl9Qn3,https://api.spotify.com/v1/tracks/7eGeUVeCEvEQrivmjl9Qn3,https://api.spotify.com/v1/audio-analysis/7eGeUVeCEvEQrivmjl9Qn3,204707,4
Our Song,0.545,0.663,2,-5.05,1,0.0363,0.114,0.0,0.321,0.565,178.013,audio_features,7qGr3rjRhndRIpFUA5f2HJ,spotify:track:7qGr3rjRhndRIpFUA5f2HJ,https://api.spotify.com/v1/tracks/7qGr3rjRhndRIpFUA5f2HJ,https://api.spotify.com/v1/audio-analysis/7qGr3rjRhndRIpFUA5f2HJ,203440,4
22,0.658,0.729,7,-6.561,1,0.0378,0.00215,0.0013,0.0752,0.668,104.007,audio_features,2ULNeSomDxVNmdDy8VxEBU,spotify:track:2ULNeSomDxVNmdDy8VxEBU,https://api.spotify.com/v1/tracks/2ULNeSomDxVNmdDy8VxEBU,https://api.spotify.com/v1/audio-analysis/2ULNeSomDxVNmdDy8VxEBU,230133,4
I Knew You Were Trouble.,0.622,0.469,3,-6.798,0,0.0363,0.00454,2.25e-06,0.0398,0.679,77.019,audio_features,72jCZdH0Lhg93z6Z4hBjgj,spotify:track:72jCZdH0Lhg93z6Z4hBjgj,https://api.spotify.com/v1/tracks/72jCZdH0Lhg93z6Z4hBjgj,https://api.spotify.com/v1/audio-analysis/72jCZdH0Lhg93z6Z4hBjgj,217973,4
I Don’t Wanna Live Forever (Fifty Shades Darker),0.731,0.445,0,-8.418,1,0.0533,0.0586,1.96e-05,0.14,0.106,117.97,audio_features,55n9yjI6qqXh5F2mYvUc2y,spotify:track:55n9yjI6qqXh5F2mYvUc2y,https://api.spotify.com/v1/tracks/55n9yjI6qqXh5F2mYvUc2y,https://api.spotify.com/v1/audio-analysis/55n9yjI6qqXh5F2mYvUc2y,247160,4
Mean,0.576,0.754,4,-3.982,1,0.0428,0.451,0.0,0.223,0.79,163.886,audio_features,5rcHBt2aNcGFWW0jaAUe1L,spotify:track:5rcHBt2aNcGFWW0jaAUe1L,https://api.spotify.com/v1/tracks/5rcHBt2aNcGFWW0jaAUe1L,https://api.spotify.com/v1/audio-analysis/5rcHBt2aNcGFWW0jaAUe1L,238693,4
How You Get The Girl,0.764,0.66,5,-6.136,1,0.0494,0.00461,0.00477,0.0915,0.524,119.988,audio_features,4dYUOfmWna6DFccnz732n8,spotify:track:4dYUOfmWna6DFccnz732n8,https://api.spotify.com/v1/tracks/4dYUOfmWna6DFccnz732n8,https://api.spotify.com/v1/audio-analysis/4dYUOfmWna6DFccnz732n8,247533,4
Fifteen,0.55,0.628,7,-4.437,1,0.0269,0.0717,0.0,0.138,0.211,95.122,audio_features,0H2UD0LfSCiRr59YMGlCuS,spotify:track:0H2UD0LfSCiRr59YMGlCuS,https://api.spotify.com/v1/tracks/0H2UD0LfSCiRr59YMGlCuS,https://api.spotify.com/v1/audio-analysis/0H2UD0LfSCiRr59YMGlCuS,295320,4
Mine,0.621,0.779,7,-2.943,1,0.0301,0.00302,3.22e-06,0.187,0.67,121.034,audio_features,6FmJKLpyCt42nP2IOVEVc2,spotify:track:6FmJKLpyCt42nP2IOVEVc2,https://api.spotify.com/v1/tracks/6FmJKLpyCt42nP2IOVEVc2,https://api.spotify.com/v1/audio-analysis/6FmJKLpyCt42nP2IOVEVc2,231867,4
Sparks Fly,0.61,0.782,5,-2.98,1,0.0309,0.041,0.0,0.16,0.399,114.977,audio_features,5h2sBwpUSAndjObfU3ti2r,spotify:track:5h2sBwpUSAndjObfU3ti2r,https://api.spotify.com/v1/tracks/5h2sBwpUSAndjObfU3ti2r,https://api.spotify.com/v1/audio-analysis/5h2sBwpUSAndjObfU3ti2r,262920,4
State Of Grace,0.588,0.825,4,-5.882,1,0.0328,0.000197,0.00138,0.0885,0.397,129.968,audio_features,786NsUYn4GGUf8AOt0SQhP,spotify:track:786NsUYn4GGUf8AOt0SQhP,https://api.spotify.com/v1/tracks/786NsUYn4GGUf8AOt0SQhP,https://api.spotify.com/v1/audio-analysis/786NsUYn4GGUf8AOt0SQhP,295187,4
Haunted,0.431,0.949,5,-2.622,1,0.0605,0.0648,0.0,0.0612,0.37,162.012,audio_features,6CB7DczrX9ZJB9Wkjegmaq,spotify:track:6CB7DczrX9ZJB9Wkjegmaq,https://api.spotify.com/v1/tracks/6CB7DczrX9ZJB9Wkjegmaq,https://api.spotify.com/v1/audio-analysis/6CB7DczrX9ZJB9Wkjegmaq,245413,4
Never Grow Up,0.714,0.309,2,-8.828,1,0.0302,0.824,0.0,0.136,0.545,124.894,audio_features,1UPDfqsVIZLEiZeMuUsni2,spotify:track:1UPDfqsVIZLEiZeMuUsni2,https://api.spotify.com/v1/tracks/1UPDfqsVIZLEiZeMuUsni2,https://api.spotify.com/v1/audio-analysis/1UPDfqsVIZLEiZeMuUsni2,292920,4
Treacherous,0.705,0.621,2,-8.086,1,0.0334,0.101,4.3e-06,0.147,0.395,109.993,audio_features,5kYFVSQoPu7yRpfiHBwMUk,spotify:track:5kYFVSQoPu7yRpfiHBwMUk,https://api.spotify.com/v1/tracks/5kYFVSQoPu7yRpfiHBwMUk,https://api.spotify.com/v1/audio-analysis/5kYFVSQoPu7yRpfiHBwMUk,240773,4
Welcome To New York,0.793,0.634,7,-4.807,1,0.0324,0.038,1.76e-06,0.304,0.615,117.024,audio_features,6qnM0XXPZOINWA778uNqQ9,spotify:track:6qnM0XXPZOINWA778uNqQ9,https://api.spotify.com/v1/tracks/6qnM0XXPZOINWA778uNqQ9,https://api.spotify.com/v1/audio-analysis/6qnM0XXPZOINWA778uNqQ9,212600,4
Blank Space,0.753,0.678,5,-5.421,1,0.0644,0.085,1.64e-06,0.13,0.583,96.006,audio_features,1p80LdxRV74UKvL8gnD7ky,spotify:track:1p80LdxRV74UKvL8gnD7ky,https://api.spotify.com/v1/tracks/1p80LdxRV74UKvL8gnD7ky,https://api.spotify.com/v1/audio-analysis/1p80LdxRV74UKvL8gnD7ky,231827,4
Style,0.598,0.786,2,-5.572,1,0.0383,0.00253,0.0016,0.117,0.456,95.019,audio_features,4lIxdJw6W3Fg4vUIYCB0S5,spotify:track:4lIxdJw6W3Fg4vUIYCB0S5,https://api.spotify.com/v1/tracks/4lIxdJw6W3Fg4vUIYCB0S5,https://api.spotify.com/v1/audio-analysis/4lIxdJw6W3Fg4vUIYCB0S5,231000,4
Out Of The Woods,0.552,0.842,7,-6.938,1,0.0373,0.00103,1.17e-05,0.337,0.343,91.991,audio_features,5OndtwLGA9O6XHFcGm2H7r,spotify:track:5OndtwLGA9O6XHFcGm2H7r,https://api.spotify.com/v1/tracks/5OndtwLGA9O6XHFcGm2H7r,https://api.spotify.com/v1/audio-analysis/5OndtwLGA9O6XHFcGm2H7r,235800,4
All You Had To Do Was Stay,0.602,0.736,5,-5.778,1,0.0338,0.00196,4.57e-05,0.105,0.471,96.969,audio_features,0dAb8TY433dl3ZfXYCLE19,spotify:track:0dAb8TY433dl3ZfXYCLE19,https://api.spotify.com/v1/tracks/0dAb8TY433dl3ZfXYCLE19,https://api.spotify.com/v1/audio-analysis/0dAb8TY433dl3ZfXYCLE19,193293,4
Shake It Off,0.647,0.785,7,-5.414,1,0.165,0.0561,0.0,0.148,0.943,160.015,audio_features,5xTtaWoae3wi06K5WfVUUH,spotify:track:5xTtaWoae3wi06K5WfVUUH,https://api.spotify.com/v1/tracks/5xTtaWoae3wi06K5WfVUUH,https://api.spotify.com/v1/audio-analysis/5xTtaWoae3wi06K5WfVUUH,219200,4
I Wish You Would,0.648,0.898,0,-5.963,1,0.0513,0.016,9.91e-05,0.109,0.502,118.02,audio_features,3wmN11qXGL0HyPojvEE1D9,spotify:track:3wmN11qXGL0HyPojvEE1D9,https://api.spotify.com/v1/tracks/3wmN11qXGL0HyPojvEE1D9,https://api.spotify.com/v1/audio-analysis/3wmN11qXGL0HyPojvEE1D9,207440,4
Bad Blood,0.65,0.802,7,-6.114,1,0.181,0.0871,6.54e-06,0.148,0.295,170.146,audio_features,273dCMFseLcVsoSWx59IoE,spotify:track:273dCMFseLcVsoSWx59IoE,https://api.spotify.com/v1/tracks/273dCMFseLcVsoSWx59IoE,https://api.spotify.com/v1/audio-analysis/273dCMFseLcVsoSWx59IoE,211933,4
This Love,0.475,0.459,4,-8.768,1,0.0333,0.635,0.0,0.101,0.0828,143.988,audio_features,3oKMl2tJv4fdidkXUYMI5x,spotify:track:3oKMl2tJv4fdidkXUYMI5x,https://api.spotify.com/v1/tracks/3oKMl2tJv4fdidkXUYMI5x,https://api.spotify.com/v1/audio-analysis/3oKMl2tJv4fdidkXUYMI5x,250093,4
I Know Places,0.596,0.763,0,-4.99,1,0.0661,0.231,0.0,0.2,0.507,159.958,audio_features,3jBMHD19RZdAqG9iFQh7xc,spotify:track:3jBMHD19RZdAqG9iFQh7xc,https://api.spotify.com/v1/tracks/3jBMHD19RZdAqG9iFQh7xc,https://api.spotify.com/v1/audio-analysis/3jBMHD19RZdAqG9iFQh7xc,195707,4
Clean,0.81,0.379,4,-7.771,1,0.0349,0.241,0.0,0.113,0.22,103.981,audio_features,06WgOCf0LV2h4keYXDRnuh,spotify:track:06WgOCf0LV2h4keYXDRnuh,https://api.spotify.com/v1/tracks/06WgOCf0LV2h4keYXDRnuh,https://api.spotify.com/v1/audio-analysis/06WgOCf0LV2h4keYXDRnuh,271000,4
Wonderland,0.422,0.692,3,-5.447,1,0.0549,0.0493,2.57e-05,0.177,0.197,184.014,audio_features,6iWMI5oOhWrDbLbjmwTWFq,spotify:track:6iWMI5oOhWrDbLbjmwTWFq,https://api.spotify.com/v1/tracks/6iWMI5oOhWrDbLbjmwTWFq,https://api.spotify.com/v1/audio-analysis/6iWMI5oOhWrDbLbjmwTWFq,245560,4
You Are In Love,0.474,0.48,2,-8.894,1,0.0622,0.707,0.000108,0.0903,0.319,170.109,audio_features,4A2LfnduSTsE8u0ecYROxE,spotify:track:4A2LfnduSTsE8u0ecYROxE,https://api.spotify.com/v1/tracks/4A2LfnduSTsE8u0ecYROxE,https://api.spotify.com/v1/audio-analysis/4A2LfnduSTsE8u0ecYROxE,267107,4
New Romantics,0.633,0.889,5,-5.87,1,0.0715,0.00463,0.000458,0.0658,0.584,121.956,audio_features,6rZVy6FIG7lSJQMFXHo12z,spotify:track:6rZVy6FIG7lSJQMFXHo12z,https://api.spotify.com/v1/tracks/6rZVy6FIG7lSJQMFXHo12z,https://api.spotify.com/v1/audio-analysis/6rZVy6FIG7lSJQMFXHo12z,230467,4
I Know Places - Voice Memo,0.592,0.128,9,-17.932,0,0.589,0.829,0.0,0.527,0.15,78.828,audio_features,4JQm7ebhsrt10wmrP6AfXL,spotify:track:4JQm7ebhsrt10wmrP6AfXL,https://api.spotify.com/v1/tracks/4JQm7ebhsrt10wmrP6AfXL,https://api.spotify.com/v1/audio-analysis/4JQm7ebhsrt10wmrP6AfXL,216333,4
I Wish You Would - Voice Memo,0.781,0.357,0,-16.394,1,0.912,0.717,0.0,0.185,0.645,118.317,audio_features,4TtyvyI42C0KFnbDZvNC8Y,spotify:track:4TtyvyI42C0KFnbDZvNC8Y,https://api.spotify.com/v1/tracks/4TtyvyI42C0KFnbDZvNC8Y,https://api.spotify.com/v1/audio-analysis/4TtyvyI42C0KFnbDZvNC8Y,107133,4
Blank Space - Voice Memo,0.675,0.234,5,-15.064,0,0.721,0.801,0.0,0.657,0.578,127.296,audio_features,0yisH8r0f3Mkq34kjzUlCV,spotify:track:0yisH8r0f3Mkq34kjzUlCV,https://api.spotify.com/v1/tracks/0yisH8r0f3Mkq34kjzUlCV,https://api.spotify.com/v1/audio-analysis/0yisH8r0f3Mkq34kjzUlCV,131187,4
I Almost Do,0.567,0.481,4,-7.357,1,0.027,0.0173,4.13e-05,0.182,0.233,145.865,audio_features,5VwFkx7JOimOGTYfha5rs1,spotify:track:5VwFkx7JOimOGTYfha5rs1,https://api.spotify.com/v1/tracks/5VwFkx7JOimOGTYfha5rs1,https://api.spotify.com/v1/audio-analysis/5VwFkx7JOimOGTYfha5rs1,242573,4
We Are Never Ever Getting Back Together,0.628,0.676,7,-5.911,1,0.0916,0.00957,2.65e-05,0.102,0.75,85.984,audio_features,7AEAGTc8cReDqcbPoY9gwo,spotify:track:7AEAGTc8cReDqcbPoY9gwo,https://api.spotify.com/v1/tracks/7AEAGTc8cReDqcbPoY9gwo,https://api.spotify.com/v1/audio-analysis/7AEAGTc8cReDqcbPoY9gwo,191880,4
Stay Stay Stay,0.729,0.748,0,-6.67,1,0.0245,0.307,1.29e-06,0.09,0.928,99.981,audio_features,1qLeEu4iXEclkLwoBlMiou,spotify:track:1qLeEu4iXEclkLwoBlMiou,https://api.spotify.com/v1/tracks/1qLeEu4iXEclkLwoBlMiou,https://api.spotify.com/v1/audio-analysis/1qLeEu4iXEclkLwoBlMiou,204827,4
The Last Time,0.505,0.443,2,-7.039,1,0.0276,0.035,3.15e-06,0.0921,0.123,94.069,audio_features,3n9mzjgAzjyKawvbHzciXF,spotify:track:3n9mzjgAzjyKawvbHzciXF,https://api.spotify.com/v1/tracks/3n9mzjgAzjyKawvbHzciXF,https://api.spotify.com/v1/audio-analysis/3n9mzjgAzjyKawvbHzciXF,298293,4
Sad Beautiful Tragic,0.624,0.34,7,-12.411,1,0.029,0.632,0.0337,0.121,0.261,129.987,audio_features,6LKjHhOW1az75pCQ9XJJtF,spotify:track:6LKjHhOW1az75pCQ9XJJtF,https://api.spotify.com/v1/tracks/6LKjHhOW1az75pCQ9XJJtF,https://api.spotify.com/v1/audio-analysis/6LKjHhOW1az75pCQ9XJJtF,283680,3
The Lucky One,0.706,0.499,4,-7.675,1,0.0369,0.0371,0.0,0.132,0.545,117.937,audio_features,2X2J0BhxaLTmnxO4pPUhSd,spotify:track:2X2J0BhxaLTmnxO4pPUhSd,https://api.spotify.com/v1/tracks/2X2J0BhxaLTmnxO4pPUhSd,https://api.spotify.com/v1/audio-analysis/2X2J0BhxaLTmnxO4pPUhSd,240133,4
Everything Has Changed,0.624,0.458,6,-6.755,1,0.0287,0.36,3.89e-06,0.303,0.436,80.017,audio_features,4NAmRvqSITAAzKWnC8yRq3,spotify:track:4NAmRvqSITAAzKWnC8yRq3,https://api.spotify.com/v1/tracks/4NAmRvqSITAAzKWnC8yRq3,https://api.spotify.com/v1/audio-analysis/4NAmRvqSITAAzKWnC8yRq3,243933,4
Starlight,0.649,0.777,9,-5.804,1,0.0406,0.0213,0.000335,0.221,0.587,126.018,audio_features,7MecVsMj22MneZt7kVFaCr,spotify:track:7MecVsMj22MneZt7kVFaCr,https://api.spotify.com/v1/tracks/7MecVsMj22MneZt7kVFaCr,https://api.spotify.com/v1/audio-analysis/7MecVsMj22MneZt7kVFaCr,217827,4
Begin Again,0.53,0.526,7,-8.349,1,0.0263,0.199,3.52e-06,0.232,0.323,79.025,audio_features,0L4YCNRfXAoTvdpWeH2RGj,spotify:track:0L4YCNRfXAoTvdpWeH2RGj,https://api.spotify.com/v1/tracks/0L4YCNRfXAoTvdpWeH2RGj,https://api.spotify.com/v1/audio-analysis/0L4YCNRfXAoTvdpWeH2RGj,237613,4
The Moment I Knew,0.62,0.506,7,-7.327,1,0.0312,0.187,1.47e-05,0.102,0.275,126.015,audio_features,5AsmAjBSSQjRPWgAYIp8tm,spotify:track:5AsmAjBSSQjRPWgAYIp8tm,https://api.spotify.com/v1/tracks/5AsmAjBSSQjRPWgAYIp8tm,https://api.spotify.com/v1/audio-analysis/5AsmAjBSSQjRPWgAYIp8tm,285560,4
Come Back...Be Here,0.483,0.548,4,-6.291,1,0.0254,0.00471,2.01e-06,0.0997,0.217,79.926,audio_features,4qyalTRMRH5YuEntvvMvq0,spotify:track:4qyalTRMRH5YuEntvvMvq0,https://api.spotify.com/v1/tracks/4qyalTRMRH5YuEntvvMvq0,https://api.spotify.com/v1/audio-analysis/4qyalTRMRH5YuEntvvMvq0,222707,4
Girl At Home,0.733,0.59,5,-5.86,1,0.0284,0.272,0.0,0.136,0.633,125.048,audio_features,6cf6rLb8qcklvJv90W6HCW,spotify:track:6cf6rLb8qcklvJv90W6HCW,https://api.spotify.com/v1/tracks/6cf6rLb8qcklvJv90W6HCW,https://api.spotify.com/v1/audio-analysis/6cf6rLb8qcklvJv90W6HCW,220320,4
Treacherous - Original Demo Recording,0.828,0.64,2,-8.248,1,0.0355,0.175,6.14e-05,0.0996,0.519,109.993,audio_features,7BT9K9BDqq6HI2oWH5UMZQ,spotify:track:7BT9K9BDqq6HI2oWH5UMZQ,https://api.spotify.com/v1/tracks/7BT9K9BDqq6HI2oWH5UMZQ,https://api.spotify.com/v1/audio-analysis/7BT9K9BDqq6HI2oWH5UMZQ,239720,4
